,LapNumber,LapTime,DriverNumber,Compound,TyreLife,TrackStatus,PitInTime,PitOutTime,RaceTime,DistanceToDriverAhead,Time,Piting
1,2,89.103,33,0,5.0,0.0,,,0 days 01:05:23.988000,85.28946492165366,0 days 01:05:23.988000,0.0
2,3,88.827,33,0,6.0,0.0,,,0 days 01:06:52.815000,95.12541899641732,0 days 01:06:52.815000,0.0
3,4,89.026,33,0,7.0,0.0,,,0 days 01:08:21.841000,101.2619664307165,0 days 01:08:21.841000,0.0
4,5,88.718,33,0,8.0,0.0,,,0 days 01:09:50.559000,117.4789396057337,0 days 01:09:50.559000,0.0
5,6,88.707,33,0,9.0,0.0,,,0 days 01:11:19.266000,117.47991440568502,0 days 01:11:19.266000,0.0
6,7,88.636,33,0,10.0,0.0,,,0 days 01:12:47.902000,122.01157802182065,0 days 01:12:47.902000,0.0
7,8,88.817,33,0,11.0,0.0,,,0 days 01:14:16.719000,135.7857765233004,0 days 01:14:16.719000,0.0
8,9,88.671,33,0,12.0,0.0,,,0 days 01:15:45.390000,149.12578064515972,0 days 01:15:45.390000,0.0
9,10,88.89,33,0,13.0,0.0,,,0 days 01:17:14.280000,180.34352298727313,0 days 01:17:14.280000,0.0
10,11,89.137,33,0,14.0,0.0,,,0 days 01:18:43.417000,231.39190065064886,0 days 01:18:43.417000,0.0
11,12,89.282,33,0,15.0,0.0,,,0 days 01:20:12.699000,280.4045781761281,0 days 01:20:12.699000,0.0
12,13,90.458,33,0,16.0,0.0,0 days 01:21:43.157000,,0 days 01:21:44.214000,342.4060311500509,0 days 01:21:44.214000,0.011550019122548215
13,14,87.129,33,2,1.0,0.0,,0 days 01:22:04.336000,0 days 01:23:31.465000,196.36946445511674,0 days 01:23:31.465000,0.18761596628469668
14,15,88.492,33,2,2.0,0.0,,,0 days 01:24:59.957000,134.45459772596425,0 days 01:24:59.957000,0.0
15,16,89.006,33,2,3.0,0.0,,,0 days 01:26:28.963000,73.24095801363701,0 days 01:26:28.963000,0.0
16,17,89.108,33,2,4.0,0.0,,,0 days 01:27:58.071000,49.472304180768866,0 days 01:27:58.071000,0.0
17,18,88.502,33,2,5.0,0.0,,,0 days 01:29:26.573000,271.50352379428244,0 days 01:29:26.573000,0.0
18,19,88.713,33,2,6.0,0.0,,,0 days 01:30:55.286000,516.953890662692,0 days 01:30:55.286000,0.0
19,20,88.387,33,2,7.0,0.0,,,0 days 01:32:23.673000,419.8399895077522,0 days 01:32:23.673000,0.0
20,21,88.569,33,2,8.0,0.0,,,0 days 01:33:52.242000,106.36120868945781,0 days 01:33:52.242000,0.0
21,22,88.322,33,2,9.0,0.0,,,0 days 01:35:20.564000,116.36351923351849,0 days 01:35:20.564000,0.0
22,23,88.175,33,2,10.0,0.0,,,0 days 01:36:48.739000,143.54304997117615,0 days 01:36:48.739000,0.0
23,24,88.179,33,2,11.0,0.0,,,0 days 01:38:16.918000,166.5455946407804,0 days 01:38:16.918000,0.0
24,25,88.041,33,2,12.0,0.0,,,0 days 01:39:44.959000,173.7833309481857,0 days 01:39:44.959000,0.0
25,26,88.6,33,2,13.0,,,,0 days 01:41:13.559000,189.88459927440718,0 days 01:41:13.559000,0.0
26,27,88.348,33,2,14.0,0.0,,,0 days 01:42:41.907000,221.38826671776764,0 days 01:42:41.907000,0.0
27,28,87.935,33,2,15.0,0.0,,,0 days 01:44:09.842000,230.225708824816,0 days 01:44:09.842000,0.0
28,29,87.904,33,2,16.0,0.0,,,0 days 01:45:37.746000,231.8552732210568,0 days 01:45:37.746000,0.0
29,30,87.678,33,2,17.0,0.0,,,0 days 01:47:05.424000,255.67426101657992,0 days 01:47:05.424000,0.0
30,31,87.917,33,2,18.0,0.0,,,0 days 01:48:33.341000,259.27476029880955,0 days 01:48:33.341000,0.0
31,32,87.913,33,2,19.0,0.0,,,0 days 01:50:01.254000,297.4971765898897,0 days 01:50:01.254000,0.0
32,33,87.581,33,2,20.0,0.0,,,0 days 01:51:28.835000,306.4469997091328,0 days 01:51:28.835000,0.0
33,34,87.783,33,2,21.0,0.0,,,0 days 01:52:56.618000,315.1505047731861,0 days 01:52:56.618000,0.0
34,35,87.761,33,2,22.0,0.0,,,0 days 01:54:24.379000,339.92686969958237,0 days 01:54:24.379000,0.0
37,38,86.321,33,2,2.0,0.0,,,0 days 01:59:42.903000,1018.5441699518176,0 days 01:59:42.903000,0.0
38,39,86.103,33,2,3.0,0.0,,,0 days 02:01:09.006000,971.276627923975,0 days 02:01:09.006000,0.0
39,40,86.552,33,2,4.0,0.0,,,0 days 02:02:35.558000,926.0084749490998,0 days 02:02:35.558000,0.0
40,41,86.301,33,2,5.0,0.0,,,0 days 02:04:01.859000,891.4849527303242,0 days 02:04:01.859000,0.0
41,42,86.463,33,2,6.0,0.0,,,0 days 02:05:28.322000,858.8927045056896,0 days 02:05:28.322000,0.0
42,43,86.437,33,2,7.0,0.0,,,0 days 02:06:54.759000,846.6290525663467,0 days 02:06:54.759000,0.0
43,44,86.808,33,2,8.0,0.0,,,0 days 02:08:21.567000,826.001464679434,0 days 02:08:21.567000,0.0
44,45,86.768,33,2,9.0,0.0,,,0 days 02:09:48.335000,831.4754531590413,0 days 02:09:48.335000,0.0
45,46,87.048,33,2,10.0,0.0,,,0 days 02:11:15.383000,813.2906302445023,0 days 02:11:15.383000,0.0
46,47,86.656,33,2,11.0,0.0,,,0 days 02:12:42.039000,783.6828925514919,0 days 02:12:42.039000,0.0
47,48,86.554,33,2,12.0,0.0,,,0 days 02:14:08.593000,719.5554853820355,0 days 02:14:08.593000,0.0
48,49,86.657,33,2,13.0,0.0,,,0 days 02:15:35.250000,666.4919602603246,0 days 02:15:35.250000,0.0
49,50,86.748,33,2,14.0,0.0,,,0 days 02:17:01.998000,666.8173919350183,0 days 02:17:01.998000,0.0
50,51,87.048,33,2,15.0,0.0,,,0 days 02:18:29.046000,655.5141431568301,0 days 02:18:29.046000,0.0
51,52,87.559,33,2,16.0,0.0,,,0 days 02:19:56.605000,695.0936975348552,0 days 02:19:56.605000,0.0
57,58,86.618,33,0,8.0,0.0,,,0 days 02:32:39.412000,8.585714730697394,0 days 02:32:39.412000,0.0
59,2,88.791,44,1,5.0,0.0,,,0 days 01:05:22.544000,0.0,0 days 01:05:22.544000,0.0
60,3,88.587,44,1,6.0,0.0,,,0 days 01:06:51.131000,0.0,0 days 01:06:51.131000,0.0
61,4,88.789,44,1,7.0,0.0,,,0 days 01:08:19.920000,0.0,0 days 01:08:19.920000,0.0
62,5,88.63,44,1,8.0,0.0,,,0 days 01:09:48.550000,0.0,0 days 01:09:48.550000,0.0
63,6,88.593,44,1,9.0,0.0,,,0 days 01:11:17.143000,0.0,0 days 01:11:17.143000,0.0
64,7,88.55,44,1,10.0,0.0,,,0 days 01:12:45.693000,0.0,0 days 01:12:45.693000,0.0
65,8,88.585,44,1,11.0,0.0,,,0 days 01:14:14.278000,0.0,0 days 01:14:14.278000,0.0
66,9,88.356,44,1,12.0,0.0,,,0 days 01:15:42.634000,0.0,0 days 01:15:42.634000,0.0
67,10,88.216,44,1,13.0,0.0,,,0 days 01:17:10.850000,0.0,0 days 01:17:10.850000,0.0
68,11,88.134,44,1,14.0,0.0,,,0 days 01:18:38.984000,0.0,0 days 01:18:38.984000,0.0
69,12,88.566,44,1,15.0,0.0,,,0 days 01:20:07.550000,0.0,0 days 01:20:07.550000,0.0
70,13,88.258,44,1,16.0,0.0,,,0 days 01:21:35.808000,0.0,0 days 01:21:35.808000,0.0
71,14,89.228,44,1,17.0,0.0,0 days 01:23:05.036000,,0 days 01:23:06.061000,0.0,0 days 01:23:06.061000,0.01135696320343922
72,15,88.164,44,2,2.0,0.0,,0 days 01:23:26.652000,0 days 01:24:54.816000,515.7956912246815,0 days 01:24:54.816000,0.18933382373224217
73,16,87.833,44,2,3.0,0.0,,,0 days 01:26:22.649000,566.6223265239945,0 days 01:26:22.649000,0.0
74,17,87.78,44,2,4.0,0.0,,,0 days 01:27:50.429000,449.14737759856746,0 days 01:27:50.429000,0.0
75,18,87.889,44,2,5.0,0.0,,,0 days 01:29:18.318000,306.30712074026286,0 days 01:29:18.318000,0.0
76,19,88.232,44,2,6.0,0.0,,,0 days 01:30:46.550000,138.70820407216968,0 days 01:30:46.550000,0.0
77,20,93.443,44,2,7.0,0.0,,,0 days 01:32:19.993000,12.69200646100093,0 days 01:32:19.993000,0.0
78,21,90.485,44,2,8.0,0.0,,,0 days 01:33:50.478000,3.9273934837084954,0 days 01:33:50.478000,0.0
79,22,88.006,44,2,9.0,0.0,,,0 days 01:35:18.484000,0.0,0 days 01:35:18.484000,0.0
80,23,87.663,44,2,10.0,0.0,,,0 days 01:36:46.147000,0.0,0 days 01:36:46.147000,0.0
81,24,87.979,44,2,11.0,0.0,,,0 days 01:38:14.126000,0.0,0 days 01:38:14.126000,0.0
82,25,87.87,44,2,12.0,0.0,,,0 days 01:39:41.996000,0.0,0 days 01:39:41.996000,0.0
83,26,88.077,44,2,13.0,,,,0 days 01:41:10.073000,0.0,0 days 01:41:10.073000,0.0
84,27,87.975,44,2,14.0,0.0,,,0 days 01:42:38.048000,0.0,0 days 01:42:38.048000,0.0
85,28,88.143,44,2,15.0,0.0,,,0 days 01:44:06.191000,0.0,0 days 01:44:06.191000,0.0
86,29,87.484,44,2,16.0,0.0,,,0 days 01:45:33.675000,0.0,0 days 01:45:33.675000,0.0
87,30,87.508,44,2,17.0,0.0,,,0 days 01:47:01.183000,0.0,0 days 01:47:01.183000,0.0
88,31,87.495,44,2,18.0,0.0,,,0 days 01:48:28.678000,0.0,0 days 01:48:28.678000,0.0
89,32,87.444,44,2,19.0,0.0,,,0 days 01:49:56.122000,0.0,0 days 01:49:56.122000,0.0
90,33,87.742,44,2,20.0,0.0,,,0 days 01:51:23.864000,0.0,0 days 01:51:23.864000,0.0
91,34,87.201,44,2,21.0,0.0,,,0 days 01:52:51.065000,0.0,0 days 01:52:51.065000,0.0
92,35,87.591,44,2,22.0,0.0,,,0 days 01:54:18.656000,0.0,0 days 01:54:18.656000,0.0
96,39,86.762,44,2,26.0,0.0,,,0 days 02:00:53.258000,0.0,0 days 02:00:53.258000,0.0
97,40,87.387,44,2,27.0,0.0,,,0 days 02:02:20.645000,0.0,0 days 02:02:20.645000,0.0
98,41,86.718,44,2,28.0,0.0,,,0 days 02:03:47.363000,0.0,0 days 02:03:47.363000,0.0
99,42,86.782,44,2,29.0,0.0,,,0 days 02:05:14.145000,0.0,0 days 02:05:14.145000,0.0
100,43,86.615,44,2,30.0,0.0,,,0 days 02:06:40.760000,0.0,0 days 02:06:40.760000,0.0
101,44,87.02,44,2,31.0,0.0,,,0 days 02:08:07.780000,0.0,0 days 02:08:07.780000,0.0
102,45,86.966,44,2,32.0,0.0,,,0 days 02:09:34.746000,0.0,0 days 02:09:34.746000,0.0
103,46,87.27,44,2,33.0,0.0,,,0 days 02:11:02.016000,0.0,0 days 02:11:02.016000,0.0
104,47,87.683,44,2,34.0,0.0,,,0 days 02:12:29.699000,0.0,0 days 02:12:29.699000,0.0
105,48,87.553,44,2,35.0,0.0,,,0 days 02:13:57.252000,0.0,0 days 02:13:57.252000,0.0
106,49,86.875,44,2,36.0,0.0,,,0 days 02:15:24.127000,0.0,0 days 02:15:24.127000,0.0
107,50,86.784,44,2,37.0,0.0,,,0 days 02:16:50.911000,0.0,0 days 02:16:50.911000,0.0
108,51,86.934,44,2,38.0,0.0,,,0 days 02:18:17.845000,0.0,0 days 02:18:17.845000,0.0
109,52,86.833,44,2,39.0,0.0,,,0 days 02:19:44.678000,0.0,0 days 02:19:44.678000,0.0
115,58,89.33,44,2,45.0,0.0,,,0 days 02:32:41.684000,18.56281531763197,0 days 02:32:41.684000,0.0
117,2,90.325,55,0,5.0,0.0,,,0 days 01:05:27.234000,83.25186005625855,0 days 01:05:27.234000,0.0
118,3,90.155,55,0,6.0,0.0,,,0 days 01:06:57.389000,119.11175148430905,0 days 01:06:57.389000,0.0
119,4,90.356,55,0,7.0,0.0,,,0 days 01:08:27.745000,199.75324232502584,0 days 01:08:27.745000,0.0
120,5,90.387,55,0,8.0,0.0,,,0 days 01:09:58.132000,279.2173231364273,0 days 01:09:58.132000,0.0
121,6,90.329,55,0,9.0,0.0,,,0 days 01:11:28.461000,334.96764153270925,0 days 01:11:28.461000,0.0
122,7,90.316,55,0,10.0,0.0,,,0 days 01:12:58.777000,412.0206056119562,0 days 01:12:58.777000,0.0
123,8,90.255,55,0,11.0,0.0,,,0 days 01:14:29.032000,490.2851917653705,0 days 01:14:29.032000,0.0
124,9,90.165,55,0,12.0,0.0,,,0 days 01:15:59.197000,565.9505366723151,0 days 01:15:59.197000,0.0
125,10,90.174,55,0,13.0,0.0,,,0 days 01:17:29.371000,635.4239946418498,0 days 01:17:29.371000,0.0
126,11,89.8,55,0,14.0,0.0,,,0 days 01:18:59.171000,700.372280328797,0 days 01:18:59.171000,0.0
127,12,89.772,55,0,15.0,0.0,,,0 days 01:20:28.943000,745.0778672406477,0 days 01:20:28.943000,0.0
128,13,89.801,55,0,16.0,0.0,,,0 days 01:21:58.744000,734.31219263747,0 days 01:21:58.744000,0.0
129,14,89.591,55,0,17.0,0.0,,,0 days 01:23:28.335000,722.1993089257835,0 days 01:23:28.335000,0.0
130,15,89.938,55,0,18.0,0.0,,,0 days 01:24:58.273000,201.07621779900956,0 days 01:24:58.273000,0.0
131,16,89.591,55,0,19.0,0.0,,,0 days 01:26:27.864000,253.29396168218125,0 days 01:26:27.864000,0.0
132,17,89.311,55,0,20.0,0.0,,,0 days 01:27:57.175000,356.9921495211907,0 days 01:27:57.175000,0.0
133,18,90.907,55,0,21.0,0.0,,,0 days 01:29:28.082000,212.71558620808966,0 days 01:29:28.082000,0.0
134,19,91.351,55,0,22.0,0.0,0 days 01:30:59.433000,,0 days 01:31:00.466000,132.79778442399655,0 days 01:31:00.466000,0.011181589885694492
135,20,89.261,55,2,1.0,0.0,,0 days 01:31:21.633000,0 days 01:32:50.894000,134.00793762833766,0 days 01:32:50.894000,0.19168145760133304
136,21,89.752,55,2,2.0,0.0,,,0 days 01:34:20.646000,111.93695321268153,0 days 01:34:20.646000,0.0
137,22,89.803,55,2,3.0,0.0,,,0 days 01:35:50.449000,119.4797017766507,0 days 01:35:50.449000,0.0
138,23,89.736,55,2,4.0,0.0,,,0 days 01:37:20.185000,119.81373454816784,0 days 01:37:20.185000,0.0
139,24,89.576,55,2,5.0,0.0,,,0 days 01:38:49.761000,130.64098334769017,0 days 01:38:49.761000,0.0
140,25,89.61,55,2,6.0,,,,0 days 01:40:19.371000,96.19617947048762,0 days 01:40:19.371000,0.0
141,26,89.505,55,2,7.0,,,,0 days 01:41:48.876000,87.22951832536877,0 days 01:41:48.876000,0.0
142,27,89.666,55,2,8.0,0.0,,,0 days 01:43:18.542000,85.4042597975871,0 days 01:43:18.542000,0.0
143,28,89.719,55,2,9.0,0.0,,,0 days 01:44:48.261000,116.10028435766185,0 days 01:44:48.261000,0.0
144,29,89.259,55,2,10.0,0.0,,,0 days 01:46:17.520000,123.86461989247266,0 days 01:46:17.520000,0.0
145,30,89.121,55,2,11.0,0.0,,,0 days 01:47:46.641000,124.36895940721477,0 days 01:47:46.641000,0.0
146,31,89.391,55,2,12.0,0.0,,,0 days 01:49:16.032000,124.01485396110537,0 days 01:49:16.032000,0.0
147,32,89.116,55,2,13.0,0.0,,,0 days 01:50:45.148000,127.16962362715607,0 days 01:50:45.148000,0.0
148,33,89.158,55,2,14.0,0.0,,,0 days 01:52:14.306000,133.0425417377089,0 days 01:52:14.306000,0.0
149,34,88.828,55,2,15.0,0.0,,,0 days 01:53:43.134000,132.54088417658704,0 days 01:53:43.134000,0.0
153,38,88.292,55,2,19.0,0.0,,,0 days 02:00:22.134000,762.803420339465,0 days 02:00:22.134000,0.0
154,39,88.384,55,2,20.0,0.0,,,0 days 02:01:50.518000,867.9212790242168,0 days 02:01:50.518000,0.0
155,40,88.325,55,2,21.0,0.0,,,0 days 02:03:18.843000,972.0571208564534,0 days 02:03:18.843000,0.0
156,41,88.279,55,2,22.0,0.0,,,0 days 02:04:47.122000,1068.225616330616,0 days 02:04:47.122000,0.0
157,42,88.037,55,2,23.0,0.0,,,0 days 02:06:15.159000,1156.410724295723,0 days 02:06:15.159000,0.0
158,43,88.178,55,2,24.0,0.0,,,0 days 02:07:43.337000,1229.2626941226936,0 days 02:07:43.337000,0.0
159,44,87.643,55,2,25.0,0.0,,,0 days 02:09:10.980000,1305.8786930753736,0 days 02:09:10.980000,0.0
160,45,87.929,55,2,26.0,0.0,,,0 days 02:10:38.909000,1301.0600271700275,0 days 02:10:38.909000,0.0
161,46,87.674,55,2,27.0,0.0,,,0 days 02:12:06.583000,1310.3927203560138,0 days 02:12:06.583000,0.0
162,47,87.797,55,2,28.0,0.0,,,0 days 02:13:34.380000,1375.901938163939,0 days 02:13:34.380000,0.0
163,48,87.629,55,2,29.0,0.0,,,0 days 02:15:02.009000,1453.521928115132,0 days 02:15:02.009000,0.0
164,49,87.732,55,2,30.0,0.0,,,0 days 02:16:29.741000,1522.959710004313,0 days 02:16:29.741000,0.0
165,50,87.639,55,2,31.0,0.0,,,0 days 02:17:57.380000,1601.8168582003752,0 days 02:17:57.380000,0.0
166,51,87.618,55,2,32.0,0.0,,,0 days 02:19:24.998000,1667.4250540822147,0 days 02:19:24.998000,0.0
167,52,89.182,55,2,33.0,,,,0 days 02:20:54.180000,1745.2283167653761,0 days 02:20:54.180000,0.0
173,58,88.879,55,2,39.0,0.0,,,0 days 02:32:44.608000,189.67056813350527,0 days 02:32:44.608000,0.0
175,2,91.494,22,1,6.0,0.0,,,0 days 01:05:30.175000,35.022396354169594,0 days 01:05:30.175000,0.0
176,3,90.811,22,1,7.0,0.0,,,0 days 01:07:00.986000,40.9963951940595,0 days 01:07:00.986000,0.0
177,4,90.654,22,1,8.0,0.0,,,0 days 01:08:31.640000,51.58596012205249,0 days 01:08:31.640000,0.0
178,5,90.823,22,1,9.0,0.0,,,0 days 01:10:02.463000,48.85904897015516,0 days 01:10:02.463000,0.0
179,6,90.541,22,1,10.0,0.0,,,0 days 01:11:33.004000,58.69281751054875,0 days 01:11:33.004000,0.0
180,7,90.284,22,1,11.0,0.0,,,0 days 01:13:03.288000,65.35999682741264,0 days 01:13:03.288000,0.0
181,8,90.458,22,1,12.0,0.0,,,0 days 01:14:33.746000,50.164101090016324,0 days 01:14:33.746000,0.0
182,9,90.379,22,1,13.0,0.0,,,0 days 01:16:04.125000,63.19219845796312,0 days 01:16:04.125000,0.0
183,10,90.322,22,1,14.0,0.0,,,0 days 01:17:34.447000,70.54168600562602,0 days 01:17:34.447000,0.0
184,11,90.137,22,1,15.0,0.0,,,0 days 01:19:04.584000,90.19049625864461,0 days 01:19:04.584000,0.0
185,12,90.507,22,1,16.0,0.0,,,0 days 01:20:35.091000,88.09651828410614,0 days 01:20:35.091000,0.0
186,13,89.972,22,1,17.0,0.0,,,0 days 01:22:05.063000,85.67847858354489,0 days 01:22:05.063000,0.0
187,14,91.597,22,1,18.0,0.0,,,0 days 01:23:36.660000,66.40901406250056,0 days 01:23:36.660000,0.0
188,15,90.054,22,1,19.0,0.0,,,0 days 01:25:06.714000,83.17260284139036,0 days 01:25:06.714000,0.0
189,16,90.114,22,1,20.0,0.0,,,0 days 01:26:36.828000,169.02015570267778,0 days 01:26:36.828000,0.0
190,17,89.84,22,1,21.0,0.0,,,0 days 01:28:06.668000,143.04598238055328,0 days 01:28:06.668000,0.0
191,18,89.674,22,1,22.0,0.0,,,0 days 01:29:36.342000,515.9557784441637,0 days 01:29:36.342000,0.0
192,19,89.554,22,1,23.0,0.0,,,0 days 01:31:05.896000,439.765395218003,0 days 01:31:05.896000,0.0
193,20,89.632,22,1,24.0,0.0,,,0 days 01:32:35.528000,639.2044516343997,0 days 01:32:35.528000,0.0
194,21,89.752,22,1,25.0,0.0,,,0 days 01:34:05.280000,666.8987319145937,0 days 01:34:05.280000,0.0
195,22,89.698,22,1,26.0,0.0,,,0 days 01:35:34.978000,791.598901035065,0 days 01:35:34.978000,0.0
196,23,90.797,22,1,27.0,0.0,0 days 01:37:05.775000,,0 days 01:37:06.822000,888.8241085795526,0 days 01:37:06.822000,0.011399764818605461
197,24,89.761,22,2,1.0,0.0,,0 days 01:37:28.220000,0 days 01:38:57.981000,77.6939927662043,0 days 01:38:57.981000,0.19249903291681292
198,25,89.3,22,2,2.0,,,,0 days 01:40:27.281000,110.12101912449172,0 days 01:40:27.281000,0.0
199,26,89.623,22,2,3.0,,,,0 days 01:41:56.904000,105.93127260561488,0 days 01:41:56.904000,0.0
200,27,89.691,22,2,4.0,0.0,,,0 days 01:43:26.595000,119.83910322580522,0 days 01:43:26.595000,0.0
201,28,88.991,22,2,5.0,0.0,,,0 days 01:44:55.586000,143.5815107746279,0 days 01:44:55.586000,0.0
202,29,89.106,22,2,6.0,0.0,,,0 days 01:46:24.692000,119.32529574529516,0 days 01:46:24.692000,0.0
203,30,89.055,22,2,7.0,0.0,,,0 days 01:47:53.747000,121.47824795961998,0 days 01:47:53.747000,0.0
204,31,89.756,22,2,8.0,0.0,,,0 days 01:49:23.503000,114.55914141414371,0 days 01:49:23.503000,0.0
205,32,89.191,22,2,9.0,0.0,,,0 days 01:50:52.694000,117.92044341035658,0 days 01:50:52.694000,0.0
206,33,89.138,22,2,10.0,0.0,,,0 days 01:52:21.832000,134.47592539378434,0 days 01:52:21.832000,0.0
207,34,89.017,22,2,11.0,0.0,,,0 days 01:53:50.849000,130.9909575371547,0 days 01:53:50.849000,0.0
211,38,88.306,22,2,15.0,0.0,,,0 days 02:00:32.541000,165.5942581908846,0 days 02:00:32.541000,0.0
212,39,88.436,22,2,16.0,0.0,,,0 days 02:02:00.977000,448.60074697293203,0 days 02:02:00.977000,0.0
213,40,88.368,22,2,17.0,0.0,,,0 days 02:03:29.345000,460.5265062597802,0 days 02:03:29.345000,0.0
214,41,88.346,22,2,18.0,0.0,,,0 days 02:04:57.691000,457.5885187562436,0 days 02:04:57.691000,0.0
215,42,88.227,22,2,19.0,0.0,,,0 days 02:06:25.918000,464.03362576862514,0 days 02:06:25.918000,0.0
216,43,88.195,22,2,20.0,0.0,,,0 days 02:07:54.113000,455.32352066352104,0 days 02:07:54.113000,0.0
217,44,87.993,22,2,21.0,0.0,,,0 days 02:09:22.106000,434.6252960337897,0 days 02:09:22.106000,0.0
218,45,87.969,22,2,22.0,0.0,,,0 days 02:10:50.075000,431.37077176403454,0 days 02:10:50.075000,0.0
219,46,87.89,22,2,23.0,0.0,,,0 days 02:12:17.965000,435.10039968540036,0 days 02:12:17.965000,0.0
220,47,87.732,22,2,24.0,0.0,,,0 days 02:13:45.697000,424.30964765703584,0 days 02:13:45.697000,0.0
221,48,87.661,22,2,25.0,0.0,,,0 days 02:15:13.358000,388.99440119868194,0 days 02:15:13.358000,0.0
222,49,87.581,22,2,26.0,0.0,,,0 days 02:16:40.939000,365.58880289291795,0 days 02:16:40.939000,0.0
223,50,87.496,22,2,27.0,0.0,,,0 days 02:18:08.435000,393.18238485895387,0 days 02:18:08.435000,0.0
224,51,87.535,22,2,28.0,0.0,,,0 days 02:19:35.970000,435.14519412061037,0 days 02:19:35.970000,0.0
231,58,87.954,22,0,8.0,0.0,,,0 days 02:32:45.118000,37.35643661518549,0 days 02:32:45.118000,0.0
233,2,92.814,10,2,2.0,0.0,,,0 days 01:05:34.217000,45.84168310727508,0 days 01:05:34.217000,0.0
234,3,91.533,10,2,3.0,0.0,,,0 days 01:07:05.750000,55.544196180555446,0 days 01:07:05.750000,0.0
235,4,91.439,10,2,4.0,0.0,,,0 days 01:08:37.189000,50.50909530771332,0 days 01:08:37.189000,0.0
236,5,91.367,10,2,5.0,0.0,,,0 days 01:10:08.556000,66.08307313422321,0 days 01:10:08.556000,0.0
237,6,90.786,10,2,6.0,0.0,,,0 days 01:11:39.342000,59.75149695250222,0 days 01:11:39.342000,0.0
238,7,90.757,10,2,7.0,0.0,,,0 days 01:13:10.099000,54.66553188131438,0 days 01:13:10.099000,0.0
239,8,91.135,10,2,8.0,0.0,,,0 days 01:14:41.234000,55.78562089448071,0 days 01:14:41.234000,0.0
240,9,91.365,10,2,9.0,0.0,,,0 days 01:16:12.599000,75.86386086744697,0 days 01:16:12.599000,0.0
241,10,90.88,10,2,10.0,0.0,,,0 days 01:17:43.479000,74.41390393227057,0 days 01:17:43.479000,0.0
242,11,90.726,10,2,11.0,0.0,,,0 days 01:19:14.205000,76.94081106200876,0 days 01:19:14.205000,0.0
243,12,90.547,10,2,12.0,0.0,,,0 days 01:20:44.752000,87.47865354938259,0 days 01:20:44.752000,0.0
244,13,90.408,10,2,13.0,0.0,,,0 days 01:22:15.160000,88.38165980143569,0 days 01:22:15.160000,0.0
245,14,90.641,10,2,14.0,0.0,,,0 days 01:23:45.801000,76.52344641101139,0 days 01:23:45.801000,0.0
246,15,90.686,10,2,15.0,0.0,,,0 days 01:25:16.487000,69.1206146534804,0 days 01:25:16.487000,0.0
247,16,90.629,10,2,16.0,0.0,,,0 days 01:26:47.116000,61.59633934779594,0 days 01:26:47.116000,0.0
248,17,90.744,10,2,17.0,0.0,,,0 days 01:28:17.860000,43.20773807046667,0 days 01:28:17.860000,0.0
249,18,90.725,10,2,18.0,0.0,,,0 days 01:29:48.585000,48.21951163194294,0 days 01:29:48.585000,0.0
250,19,90.475,10,2,19.0,0.0,,,0 days 01:31:19.060000,50.07245862884265,0 days 01:31:19.060000,0.0
251,20,89.954,10,2,20.0,0.0,,,0 days 01:32:49.014000,56.891083857442275,0 days 01:32:49.014000,0.0
252,21,89.652,10,2,21.0,0.0,,,0 days 01:34:18.666000,56.7489896272847,0 days 01:34:18.666000,0.0
253,22,89.757,10,2,22.0,0.0,,,0 days 01:35:48.423000,59.796763553577414,0 days 01:35:48.423000,0.0
254,23,89.607,10,2,23.0,0.0,,,0 days 01:37:18.030000,54.4233223216813,0 days 01:37:18.030000,0.0
255,24,89.646,10,2,24.0,0.0,,,0 days 01:38:47.676000,49.98224892473215,0 days 01:38:47.676000,0.0
256,25,90.146,10,2,25.0,,,,0 days 01:40:17.822000,83.64572035117972,0 days 01:40:17.822000,0.0
257,26,89.448,10,2,26.0,,,,0 days 01:41:47.270000,92.00308042846257,0 days 01:41:47.270000,0.0
258,27,89.606,10,2,27.0,0.0,,,0 days 01:43:16.876000,101.33879378409281,0 days 01:43:16.876000,0.0
259,28,89.307,10,2,28.0,0.0,,,0 days 01:44:46.183000,99.57280316030158,0 days 01:44:46.183000,0.0
260,29,89.13,10,2,29.0,0.0,,,0 days 01:46:15.313000,108.26888405017776,0 days 01:46:15.313000,0.0
261,30,89.177,10,2,30.0,0.0,,,0 days 01:47:44.490000,101.42379134450366,0 days 01:47:44.490000,0.0
262,31,89.301,10,2,31.0,0.0,,,0 days 01:49:13.791000,91.82732746277044,0 days 01:49:13.791000,0.0
263,32,89.076,10,2,32.0,0.0,,,0 days 01:50:42.867000,90.27767477149496,0 days 01:50:42.867000,0.0
264,33,89.165,10,2,33.0,0.0,,,0 days 01:52:12.032000,86.70980796485493,0 days 01:52:12.032000,0.0
265,34,88.998,10,2,34.0,0.0,,,0 days 01:53:41.030000,87.90848018400676,0 days 01:53:41.030000,0.0
269,38,89.559,10,1,5.0,0.0,,,0 days 02:00:34.625000,43.27774507735675,0 days 02:00:34.625000,0.0
270,39,89.017,10,1,6.0,0.0,,,0 days 02:02:03.642000,44.49992154367947,0 days 02:02:03.642000,0.0
271,40,89.012,10,1,7.0,0.0,,,0 days 02:03:32.654000,33.44465048063455,0 days 02:03:32.654000,0.0
272,41,88.385,10,1,8.0,0.0,,,0 days 02:05:01.039000,126.91342996719244,0 days 02:05:01.039000,0.0
273,42,88.454,10,1,9.0,0.0,,,0 days 02:06:29.493000,199.4587815575525,0 days 02:06:29.493000,0.0
274,43,88.09,10,1,10.0,0.0,,,0 days 02:07:57.583000,213.55095845845756,0 days 02:07:57.583000,0.0
275,44,88.071,10,1,11.0,0.0,,,0 days 02:09:25.654000,209.39829717926727,0 days 02:09:25.654000,0.0
276,45,87.87,10,1,12.0,0.0,,,0 days 02:10:53.524000,211.86179534050183,0 days 02:10:53.524000,0.0
277,46,87.726,10,1,13.0,0.0,,,0 days 02:12:21.250000,203.06405609319046,0 days 02:12:21.250000,0.0
278,47,87.699,10,1,14.0,0.0,,,0 days 02:13:48.949000,204.27742104507746,0 days 02:13:48.949000,0.0
279,48,87.567,10,1,15.0,0.0,,,0 days 02:15:16.516000,194.92785369890345,0 days 02:15:16.516000,0.0
280,49,87.342,10,1,16.0,0.0,,,0 days 02:16:43.858000,185.10295472583067,0 days 02:16:43.858000,0.0
281,50,87.424,10,1,17.0,0.0,,,0 days 02:18:11.282000,179.4901459052954,0 days 02:18:11.282000,0.0
282,51,87.442,10,1,18.0,0.0,,,0 days 02:19:38.724000,170.45956477878607,0 days 02:19:38.724000,0.0
289,58,88.344,10,0,4.0,0.0,,,0 days 02:32:45.949000,24.80881721580304,0 days 02:32:45.949000,0.0
291,2,91.738,77,1,7.0,0.0,,,0 days 01:05:31.088000,36.46129814352867,0 days 01:05:31.088000,0.0
292,3,90.683,77,1,8.0,0.0,,,0 days 01:07:01.771000,40.97140747755265,0 days 01:07:01.771000,0.0
293,4,90.997,77,1,9.0,0.0,,,0 days 01:08:32.768000,49.197084732719595,0 days 01:08:32.768000,0.0
294,5,90.644,77,1,10.0,0.0,,,0 days 01:10:03.412000,69.91837274064788,0 days 01:10:03.412000,0.0
295,6,90.639,77,1,11.0,0.0,,,0 days 01:11:34.051000,50.39108266610451,0 days 01:11:34.051000,0.0
296,7,90.195,77,1,12.0,0.0,,,0 days 01:13:04.246000,47.36025568984989,0 days 01:13:04.246000,0.0
297,8,90.533,77,1,13.0,0.0,,,0 days 01:14:34.779000,63.644922390782405,0 days 01:14:34.779000,0.0
298,9,90.515,77,1,14.0,0.0,,,0 days 01:16:05.294000,55.70985127827076,0 days 01:16:05.294000,0.0
299,10,90.704,77,1,15.0,0.0,,,0 days 01:17:35.998000,70.5026567760942,0 days 01:17:35.998000,0.0
300,11,90.592,77,1,16.0,0.0,,,0 days 01:19:06.590000,93.13501106194883,0 days 01:19:06.590000,0.0
301,12,90.252,77,1,17.0,0.0,,,0 days 01:20:36.842000,107.11105964467325,0 days 01:20:36.842000,0.0
302,13,90.079,77,1,18.0,0.0,,,0 days 01:22:06.921000,106.80679795731004,0 days 01:22:06.921000,0.0
303,14,90.595,77,1,19.0,0.0,,,0 days 01:23:37.516000,85.15517606621759,0 days 01:23:37.516000,0.0
304,15,91.079,77,1,20.0,0.0,,,0 days 01:25:08.595000,47.14922431866084,0 days 01:25:08.595000,0.0
305,16,89.754,77,1,21.0,0.0,,,0 days 01:26:38.349000,89.02703340365716,0 days 01:26:38.349000,0.0
306,17,89.692,77,1,22.0,0.0,,,0 days 01:28:08.041000,76.34257189955095,0 days 01:28:08.041000,0.0
307,18,89.478,77,1,23.0,0.0,,,0 days 01:29:37.519000,67.53770278833906,0 days 01:29:37.519000,0.0
308,19,89.652,77,1,24.0,0.0,,,0 days 01:31:07.171000,61.6073568970351,0 days 01:31:07.171000,0.0
309,20,89.62,77,1,25.0,0.0,,,0 days 01:32:36.791000,63.61226957070859,0 days 01:32:36.791000,0.0
310,21,89.647,77,1,26.0,0.0,,,0 days 01:34:06.438000,60.846303378283416,0 days 01:34:06.438000,0.0
311,22,89.559,77,1,27.0,0.0,,,0 days 01:35:35.997000,50.46578268389052,0 days 01:35:35.997000,0.0
312,23,89.984,77,1,28.0,0.0,,,0 days 01:37:05.981000,57.83218046709079,0 days 01:37:05.981000,0.0
313,24,89.097,77,1,29.0,0.0,,,0 days 01:38:35.078000,1034.0280948773438,0 days 01:38:35.078000,0.0
314,25,88.871,77,1,30.0,0.0,,,0 days 01:40:03.949000,1100.3253498616577,0 days 01:40:03.949000,0.0
315,26,89.636,77,1,31.0,,,,0 days 01:41:33.585000,1143.9518084528468,0 days 01:41:33.585000,0.0
316,27,88.927,77,1,32.0,0.0,,,0 days 01:43:02.512000,1197.6501868819068,0 days 01:43:02.512000,0.0
317,28,89.131,77,1,33.0,0.0,,,0 days 01:44:31.643000,1256.1547524310004,0 days 01:44:31.643000,0.0
318,29,89.204,77,1,34.0,0.0,,,0 days 01:46:00.847000,1325.8979406810029,0 days 01:46:00.847000,0.0
319,30,89.905,77,1,35.0,0.0,0 days 01:47:30.752000,,0 days 01:47:31.791000,1379.7009969174737,0 days 01:47:31.791000,0.011424612948627726
320,31,89.555,77,2,2.0,0.0,,0 days 01:47:52.478000,0 days 01:49:22.033000,122.21940515541563,0 days 01:49:22.033000,0.18765080459353056
321,32,88.776,77,2,3.0,0.0,,,0 days 01:50:50.809000,37.16709121863532,0 days 01:50:50.809000,0.0
322,33,88.961,77,2,4.0,0.0,,,0 days 01:52:19.770000,31.20523972115483,0 days 01:52:19.770000,0.0
323,34,87.918,77,2,5.0,0.0,,,0 days 01:53:47.688000,102.845863760023,0 days 01:53:47.688000,0.0
327,38,87.886,77,2,9.0,0.0,,,0 days 02:00:25.390000,88.6825313215925,0 days 02:00:25.390000,0.0
328,39,87.96,77,2,10.0,0.0,,,0 days 02:01:53.350000,60.62958941867323,0 days 02:01:53.350000,0.0
329,40,88.481,77,2,11.0,0.0,,,0 days 02:03:21.831000,37.3078287510658,0 days 02:03:21.831000,0.0
330,41,88.224,77,2,12.0,0.0,,,0 days 02:04:50.055000,41.52791505998192,0 days 02:04:50.055000,0.0
331,42,88.36,77,2,13.0,0.0,,,0 days 02:06:18.415000,33.484171486717266,0 days 02:06:18.415000,0.0
332,43,88.327,77,2,14.0,0.0,,,0 days 02:07:46.742000,38.04132408597313,0 days 02:07:46.742000,0.0
333,44,88.27,77,2,15.0,0.0,,,0 days 02:09:15.012000,53.60699960725584,0 days 02:09:15.012000,0.0
334,45,87.839,77,2,16.0,0.0,,,0 days 02:10:42.851000,52.56479864690481,0 days 02:10:42.851000,0.0
335,46,88.039,77,2,17.0,0.0,,,0 days 02:12:10.890000,39.639257712078816,0 days 02:12:10.890000,0.0
336,47,87.849,77,2,18.0,0.0,,,0 days 02:13:38.739000,43.972188307494584,0 days 02:13:38.739000,0.0
337,48,88.527,77,2,19.0,0.0,,,0 days 02:15:07.266000,41.3411628610041,0 days 02:15:07.266000,0.0
338,49,87.239,77,2,20.0,0.0,,,0 days 02:16:34.505000,291.9571176491832,0 days 02:16:34.505000,0.0
339,50,87.13,77,2,21.0,0.0,,,0 days 02:18:01.635000,264.1925512931667,0 days 02:18:01.635000,0.0
340,51,86.862,77,2,22.0,0.0,,,0 days 02:19:28.497000,223.8647111618822,0 days 02:19:28.497000,0.0
347,58,90.479,77,2,29.0,0.0,,,0 days 02:32:46.878000,30.350320018078325,0 days 02:32:46.878000,0.0
349,2,90.963,4,0,5.0,0.0,,,0 days 01:05:28.705000,53.473371196259556,0 days 01:05:28.705000,0.0
350,3,90.765,4,0,6.0,0.0,,,0 days 01:06:59.470000,98.66829970575994,0 days 01:06:59.470000,0.0
351,4,90.355,4,0,7.0,0.0,,,0 days 01:08:29.825000,113.65044236727032,0 days 01:08:29.825000,0.0
352,5,90.501,4,0,8.0,0.0,,,0 days 01:10:00.326000,113.61615963431859,0 days 01:10:00.326000,0.0
353,6,90.555,4,0,9.0,0.0,,,0 days 01:11:30.881000,122.06434365781844,0 days 01:11:30.881000,0.0
354,7,90.312,4,0,10.0,0.0,,,0 days 01:13:01.193000,127.97036854907219,0 days 01:13:01.193000,0.0
355,8,90.287,4,0,11.0,0.0,,,0 days 01:14:31.480000,138.8784627044543,0 days 01:14:31.480000,0.0
356,9,90.156,4,0,12.0,0.0,,,0 days 01:16:01.636000,137.98259441620564,0 days 01:16:01.636000,0.0
357,10,90.243,4,0,13.0,0.0,,,0 days 01:17:31.879000,142.87748855795007,0 days 01:17:31.879000,0.0
358,11,90.091,4,0,14.0,0.0,,,0 days 01:19:01.970000,154.7007987434711,0 days 01:19:01.970000,0.0
359,12,90.085,4,0,15.0,0.0,,,0 days 01:20:32.055000,174.7891204291965,0 days 01:20:32.055000,0.0
360,13,90.583,4,0,16.0,0.0,,,0 days 01:22:02.638000,195.75073957016522,0 days 01:22:02.638000,0.0
361,14,90.775,4,0,17.0,0.0,,,0 days 01:23:33.413000,112.37754868992694,0 days 01:23:33.413000,0.0
362,15,90.348,4,0,18.0,0.0,,,0 days 01:25:03.761000,173.8602846517211,0 days 01:25:03.761000,0.0
363,16,90.106,4,0,19.0,0.0,,,0 days 01:26:33.867000,266.60797997334555,0 days 01:26:33.867000,0.0
364,17,91.22500000000001,4,0,20.0,0.0,0 days 01:28:05.092000,,0 days 01:28:06.118000,340.6115199482559,0 days 01:28:06.118000,0.011121830657662247
365,18,89.824,4,2,1.0,0.0,,0 days 01:28:26.456000,0 days 01:29:56.280000,58.0256152019688,0 days 01:29:56.280000,0.1846190156315245
366,19,90.364,4,2,2.0,0.0,,,0 days 01:31:26.644000,47.19436681982848,0 days 01:31:26.644000,0.0
367,20,89.439,4,2,3.0,0.0,,,0 days 01:32:56.083000,53.21737220109753,0 days 01:32:56.083000,0.0
368,21,89.907,4,2,4.0,0.0,,,0 days 01:34:25.990000,68.53449803839005,0 days 01:34:25.990000,0.0
369,22,89.206,4,2,5.0,0.0,,,0 days 01:35:55.196000,173.73689874092818,0 days 01:35:55.196000,0.0
370,23,89.446,4,2,6.0,0.0,,,0 days 01:37:24.642000,120.82575810926319,0 days 01:37:24.642000,0.0
371,24,89.295,4,2,7.0,0.0,,,0 days 01:38:53.937000,242.13239461737916,0 days 01:38:53.937000,0.0
372,25,89.272,4,2,8.0,,,,0 days 01:40:23.209000,235.79818064633085,0 days 01:40:23.209000,0.0
373,26,89.352,4,2,9.0,,,,0 days 01:41:52.561000,225.82892429193907,0 days 01:41:52.561000,0.0
374,27,89.183,4,2,10.0,0.0,,,0 days 01:43:21.744000,206.696568129413,0 days 01:43:21.744000,0.0
375,28,89.164,4,2,11.0,0.0,,,0 days 01:44:50.908000,163.42215778923318,0 days 01:44:50.908000,0.0
376,29,89.208,4,2,12.0,0.0,,,0 days 01:46:20.116000,156.27813118279735,0 days 01:46:20.116000,0.0
377,30,89.095,4,2,13.0,0.0,,,0 days 01:47:49.211000,161.13021370275249,0 days 01:47:49.211000,0.0
378,31,89.137,4,2,14.0,0.0,,,0 days 01:49:18.348000,141.95197688172107,0 days 01:49:18.348000,0.0
379,32,89.091,4,2,15.0,0.0,,,0 days 01:50:47.439000,143.37324282347785,0 days 01:50:47.439000,0.0
380,33,88.826,4,2,16.0,0.0,,,0 days 01:52:16.265000,125.21351103988674,0 days 01:52:16.265000,0.0
381,34,88.801,4,2,17.0,0.0,,,0 days 01:53:45.066000,112.41120411706223,0 days 01:53:45.066000,0.0
385,38,88.467,4,2,21.0,0.0,,,0 days 02:00:24.065000,105.11850725565421,0 days 02:00:24.065000,0.0
386,39,88.43,4,2,22.0,0.0,,,0 days 02:01:52.495000,107.31978329771916,0 days 02:01:52.495000,0.0
387,40,88.446,4,2,23.0,0.0,,,0 days 02:03:20.941000,119.24212679154455,0 days 02:03:20.941000,0.0
388,41,88.289,4,2,24.0,0.0,,,0 days 02:04:49.230000,121.0959632847114,0 days 02:04:49.230000,0.0
389,42,88.388,4,2,25.0,0.0,,,0 days 02:06:17.618000,129.63711774354684,0 days 02:06:17.618000,0.0
390,43,88.178,4,2,26.0,0.0,,,0 days 02:07:45.796000,135.8602652652675,0 days 02:07:45.796000,0.0
391,44,88.148,4,2,27.0,0.0,,,0 days 02:09:13.944000,156.5614262476761,0 days 02:09:13.944000,0.0
392,45,88.008,4,2,28.0,0.0,,,0 days 02:10:41.952000,170.96785356785466,0 days 02:10:41.952000,0.0
393,46,88.059,4,2,29.0,0.0,,,0 days 02:12:10.011000,185.60251588831957,0 days 02:12:10.011000,0.0
394,47,87.953,4,2,30.0,0.0,,,0 days 02:13:37.964000,197.09025448028348,0 days 02:13:37.964000,0.0
395,48,89.005,4,2,31.0,0.0,0 days 02:15:06.969000,,0 days 02:15:07.960000,216.59748058354157,0 days 02:15:07.960000,0.01101160051557847
396,49,86.829,4,1,1.0,0.0,,0 days 02:15:29.159000,0 days 02:16:55.988000,250.4016574754906,0 days 02:16:55.988000,0.19623616099529761
397,50,86.847,4,1,2.0,0.0,,,0 days 02:18:22.835000,177.4336036673943,0 days 02:18:22.835000,0.0
398,51,87.227,4,1,3.0,0.0,,,0 days 02:19:50.062000,313.70874225392697,0 days 02:19:50.062000,0.0
405,58,86.762,4,1,10.0,0.0,,,0 days 02:33:38.626000,3015.2420387292636,0 days 02:33:38.626000,0.0
407,2,92.422,14,2,3.0,0.0,,,0 days 01:05:33.196000,43.40024189671894,0 days 01:05:33.196000,0.0
408,3,91.511,14,2,4.0,0.0,,,0 days 01:07:04.707000,55.656717946042676,0 days 01:07:04.707000,0.0
409,4,91.321,14,2,5.0,0.0,,,0 days 01:08:36.028000,86.42386675728805,0 days 01:08:36.028000,0.0
410,5,91.339,14,2,6.0,0.0,,,0 days 01:10:07.367000,83.80399070593317,0 days 01:10:07.367000,0.0
411,6,90.92,14,2,7.0,0.0,,,0 days 01:11:38.287000,95.35658610060241,0 days 01:11:38.287000,0.0
412,7,90.811,14,2,8.0,0.0,,,0 days 01:13:09.098000,87.71282828282928,0 days 01:13:09.098000,0.0
413,8,91.052,14,2,9.0,0.0,,,0 days 01:14:40.150000,82.16409931602375,0 days 01:14:40.150000,0.0
414,9,90.99,14,2,10.0,0.0,,,0 days 01:16:11.140000,97.40302039602571,0 days 01:16:11.140000,0.0
415,10,90.989,14,2,11.0,0.0,,,0 days 01:17:42.129000,124.52734783368226,0 days 01:17:42.129000,0.0
416,11,90.577,14,2,12.0,0.0,,,0 days 01:19:12.706000,129.53694374209704,0 days 01:19:12.706000,0.0
417,12,90.535,14,2,13.0,0.0,,,0 days 01:20:43.241000,122.53392611321931,0 days 01:20:43.241000,0.0
418,13,90.488,14,2,14.0,0.0,,,0 days 01:22:13.729000,99.03904905063449,0 days 01:22:13.729000,0.0
419,14,90.842,14,2,15.0,0.0,,,0 days 01:23:44.571000,59.13918505674811,0 days 01:23:44.571000,0.0
420,15,90.817,14,2,16.0,0.0,,,0 days 01:25:15.388000,49.24594301007507,0 days 01:25:15.388000,0.0
421,16,90.648,14,2,17.0,0.0,,,0 days 01:26:46.036000,52.04556390977306,0 days 01:26:46.036000,0.0
422,17,90.93,14,2,18.0,0.0,,,0 days 01:28:16.966000,54.99632887089946,0 days 01:28:16.966000,0.0
423,18,90.574,14,2,19.0,0.0,,,0 days 01:29:47.540000,67.8793059032127,0 days 01:29:47.540000,0.0
424,19,90.331,14,2,20.0,0.0,,,0 days 01:31:17.871000,590.8056178641044,0 days 01:31:17.871000,0.0
425,20,90.024,14,2,21.0,0.0,,,0 days 01:32:47.895000,604.3039203750338,0 days 01:32:47.895000,0.0
426,21,89.633,14,2,22.0,0.0,,,0 days 01:34:17.528000,633.8590056538852,0 days 01:34:17.528000,0.0
427,22,89.899,14,2,23.0,0.0,,,0 days 01:35:47.427000,119.67153059785888,0 days 01:35:47.427000,0.0
428,23,89.593,14,2,24.0,0.0,,,0 days 01:37:17.020000,142.11617291844348,0 days 01:37:17.020000,0.0
429,24,89.667,14,2,25.0,0.0,,,0 days 01:38:46.687000,200.44324415015805,0 days 01:38:46.687000,0.0
430,25,89.527,14,2,26.0,,,,0 days 01:40:16.214000,297.62673448350785,0 days 01:40:16.214000,0.0
432,27,89.379,14,2,28.0,0.0,,,0 days 01:43:15.124000,453.4365448911963,0 days 01:43:15.124000,0.0
433,28,89.312,14,2,29.0,0.0,,,0 days 01:44:44.436000,544.4104859325909,0 days 01:44:44.436000,0.0
434,29,89.074,14,2,30.0,0.0,,,0 days 01:46:13.510000,612.5992433879547,0 days 01:46:13.510000,0.0
435,30,89.378,14,2,31.0,0.0,,,0 days 01:47:42.888000,631.8912329059825,0 days 01:47:42.888000,0.0
436,31,89.314,14,2,32.0,0.0,,,0 days 01:49:12.202000,727.8139542167806,0 days 01:49:12.202000,0.0
437,32,89.165,14,2,33.0,0.0,,,0 days 01:50:41.367000,826.315056948014,0 days 01:50:41.367000,0.0
438,33,89.13,14,2,34.0,0.0,,,0 days 01:52:10.497000,900.895262523059,0 days 01:52:10.497000,0.0
439,34,88.931,14,2,35.0,0.0,,,0 days 01:53:39.428000,991.703107638891,0 days 01:53:39.428000,0.0
443,38,90.132,14,1,,0.0,,,0 days 02:00:33.902000,281.134645274986,0 days 02:00:33.902000,0.0
444,39,88.811,14,1,,0.0,,,0 days 02:02:02.713000,72.31925010629413,0 days 02:02:02.713000,0.0
445,40,89.256,14,1,,0.0,,,0 days 02:03:31.969000,118.69079244218673,0 days 02:03:31.969000,0.0
446,41,90.486,14,1,,0.0,,,0 days 02:05:02.455000,99.68553673497928,0 days 02:05:02.455000,0.0
447,42,89.43,14,1,,0.0,,,0 days 02:06:31.885000,107.69582240552674,0 days 02:06:31.885000,0.0
448,43,88.946,14,1,,0.0,,,0 days 02:08:00.831000,151.65496266808285,0 days 02:08:00.831000,0.0
449,44,89.07,14,1,,0.0,,,0 days 02:09:29.901000,212.4145277777795,0 days 02:09:29.901000,0.0
450,45,89.019,14,1,,0.0,,,0 days 02:10:58.920000,277.45266613587995,0 days 02:10:58.920000,0.0
451,46,88.762,14,1,,0.0,,,0 days 02:12:27.682000,349.49706154336536,0 days 02:12:27.682000,0.0
452,47,89.126,14,1,,0.0,,,0 days 02:13:56.808000,402.2561767515936,0 days 02:13:56.808000,0.0
453,48,89.827,14,1,,0.0,,,0 days 02:15:26.635000,534.2877646420093,0 days 02:15:26.635000,0.0
454,49,88.564,14,1,,0.0,,,0 days 02:16:55.199000,140.58382335180585,0 days 02:16:55.199000,0.0
455,50,89.325,14,1,,0.0,,,0 days 02:18:24.524000,151.3012620005644,0 days 02:18:24.524000,0.0
456,51,88.424,14,1,,0.0,,,0 days 02:19:52.948000,136.4235151353275,0 days 02:19:52.948000,0.0
463,58,87.607,14,1,,0.0,,,0 days 02:33:41.134000,121.22930807100573,0 days 02:33:41.134000,0.0
465,2,92.085,31,0,5.0,0.0,,,0 days 01:05:31.949000,46.871694789509846,0 days 01:05:31.949000,0.0
466,3,90.852,31,0,6.0,0.0,,,0 days 01:07:02.801000,74.73650346347662,0 days 01:07:02.801000,0.0
467,4,91.193,31,0,7.0,0.0,,,0 days 01:08:33.994000,66.10979184115054,0 days 01:08:33.994000,0.0
468,5,90.854,31,0,8.0,0.0,,,0 days 01:10:04.848000,76.91720228099668,0 days 01:10:04.848000,0.0
469,6,90.881,31,0,9.0,0.0,,,0 days 01:11:35.729000,100.29299513100761,0 days 01:11:35.729000,0.0
470,7,90.764,31,0,10.0,0.0,,,0 days 01:13:06.493000,122.80324214365841,0 days 01:13:06.493000,0.0
471,8,90.631,31,0,11.0,0.0,,,0 days 01:14:37.124000,136.62450572412035,0 days 01:14:37.124000,0.0
472,9,90.719,31,0,12.0,0.0,,,0 days 01:16:07.843000,147.98063218995475,0 days 01:16:07.843000,0.0
473,10,90.572,31,0,13.0,0.0,,,0 days 01:17:38.415000,156.45357340769056,0 days 01:17:38.415000,0.0
474,11,90.665,31,0,14.0,0.0,,,0 days 01:19:09.080000,150.29629898862396,0 days 01:19:09.080000,0.0
475,12,90.742,31,0,15.0,0.0,,,0 days 01:20:39.822000,157.8457809653889,0 days 01:20:39.822000,0.0
476,13,90.861,31,0,16.0,0.0,,,0 days 01:22:10.683000,200.4335081266647,0 days 01:22:10.683000,0.0
477,14,91.166,31,0,17.0,0.0,,,0 days 01:23:41.849000,245.93033755053847,0 days 01:23:41.849000,0.0
478,15,92.25,31,0,18.0,0.0,0 days 01:25:14.099000,,0 days 01:25:15.165000,263.49583503749255,0 days 01:25:15.165000,0.011423550087873463
479,16,88.895,31,2,2.0,0.0,,0 days 01:25:35.784000,0 days 01:27:04.679000,122.10030325273499,0 days 01:27:04.679000,0.18827729787972314
480,17,90.024,31,2,3.0,0.0,,,0 days 01:28:34.703000,79.34314447938557,0 days 01:28:34.703000,0.0
481,18,89.874,31,2,4.0,0.0,,,0 days 01:30:04.577000,82.39303801907988,0 days 01:30:04.577000,0.0
482,19,90.258,31,2,5.0,0.0,,,0 days 01:31:34.835000,78.52639463961992,0 days 01:31:34.835000,0.0
483,20,89.341,31,2,6.0,0.0,,,0 days 01:33:04.176000,207.12535920755795,0 days 01:33:04.176000,0.0
484,21,89.85,31,2,7.0,0.0,,,0 days 01:34:34.026000,324.05744949494925,0 days 01:34:34.026000,0.0
485,22,89.479,31,2,8.0,0.0,,,0 days 01:36:03.505000,352.01648809523874,0 days 01:36:03.505000,0.0
486,23,89.303,31,2,9.0,0.0,,,0 days 01:37:32.808000,343.28436857326625,0 days 01:37:32.808000,0.0
487,24,89.599,31,2,10.0,0.0,,,0 days 01:39:02.407000,319.3870804659489,0 days 01:39:02.407000,0.0
488,25,89.631,31,2,11.0,,,,0 days 01:40:32.038000,271.92120007262133,0 days 01:40:32.038000,0.0
489,26,89.475,31,2,12.0,,,,0 days 01:42:01.513000,283.0058467158556,0 days 01:42:01.513000,0.0
490,27,89.351,31,2,13.0,0.0,,,0 days 01:43:30.864000,272.5779547085863,0 days 01:43:30.864000,0.0
491,28,89.556,31,2,14.0,0.0,,,0 days 01:45:00.420000,265.2415813746432,0 days 01:45:00.420000,0.0
492,29,88.992,31,2,15.0,0.0,,,0 days 01:46:29.412000,283.0547438111698,0 days 01:46:29.412000,0.0
493,30,88.878,31,2,16.0,0.0,,,0 days 01:47:58.290000,273.0686295698947,0 days 01:47:58.290000,0.0
494,31,89.321,31,2,17.0,0.0,,,0 days 01:49:27.611000,261.61726236558786,0 days 01:49:27.611000,0.0
495,32,89.06,31,2,18.0,0.0,,,0 days 01:50:56.671000,240.78867654400247,0 days 01:50:56.671000,0.0
496,33,89.03,31,2,19.0,0.0,,,0 days 01:52:25.701000,230.81870897271898,0 days 01:52:25.701000,0.0
497,34,89.181,31,2,20.0,0.0,,,0 days 01:53:54.882000,239.51037607652015,0 days 01:53:54.882000,0.0
501,38,89.65,31,2,24.0,0.0,,,0 days 02:00:35.744000,61.38605748945027,0 days 02:00:35.744000,0.0
502,39,89.619,31,2,25.0,0.0,,,0 days 02:02:05.363000,106.3166710507875,0 days 02:02:05.363000,0.0
503,40,88.939,31,2,26.0,0.0,,,0 days 02:03:34.302000,114.73581617126754,0 days 02:03:34.302000,0.0
504,41,89.15,31,2,27.0,0.0,,,0 days 02:05:03.452000,80.39909368815165,0 days 02:05:03.452000,0.0
505,42,89.401,31,2,28.0,0.0,,,0 days 02:06:32.853000,53.04763941765342,0 days 02:06:32.853000,0.0
506,43,89.096,31,2,29.0,0.0,,,0 days 02:08:01.949000,58.37699433828969,0 days 02:08:01.949000,0.0
507,44,89.164,31,2,30.0,0.0,,,0 days 02:09:31.113000,66.3159603830926,0 days 02:09:31.113000,0.0
508,45,88.96,31,2,31.0,0.0,,,0 days 02:11:00.073000,63.87684271054433,0 days 02:11:00.073000,0.0
509,46,89.012,31,2,32.0,0.0,,,0 days 02:12:29.085000,60.64088062967846,0 days 02:12:29.085000,0.0
510,47,90.034,31,2,33.0,0.0,,,0 days 02:13:59.119000,151.57101110410377,0 days 02:13:59.119000,0.0
511,48,88.661,31,2,34.0,0.0,,,0 days 02:15:27.780000,65.48964318698522,0 days 02:15:27.780000,0.0
512,49,89.538,31,2,35.0,0.0,,,0 days 02:16:57.318000,70.43996747538519,0 days 02:16:57.318000,0.0
513,50,88.643,31,2,36.0,0.0,,,0 days 02:18:25.961000,92.41216769678918,0 days 02:18:25.961000,0.0
514,51,88.665,31,2,37.0,0.0,,,0 days 02:19:54.626000,89.21965934924587,0 days 02:19:54.626000,0.0
521,58,88.249,31,2,44.0,0.0,,,0 days 02:33:43.462000,108.26969337607069,0 days 02:33:43.462000,0.0
523,2,91.14,16,0,5.0,0.0,,,0 days 01:05:29.373000,38.06559145406179,0 days 01:05:29.373000,0.0
524,3,90.91,16,0,6.0,0.0,,,0 days 01:07:00.283000,42.357973619845176,0 days 01:07:00.283000,0.0
525,4,90.509,16,0,7.0,0.0,,,0 days 01:08:30.792000,56.67999366286445,0 days 01:08:30.792000,0.0
526,5,90.63,16,0,8.0,0.0,,,0 days 01:10:01.422000,67.16734355246368,0 days 01:10:01.422000,0.0
527,6,90.586,16,0,9.0,0.0,,,0 days 01:11:32.008000,74.78152777777692,0 days 01:11:32.008000,0.0
528,7,90.32,16,0,10.0,0.0,,,0 days 01:13:02.328000,68.26144775803428,0 days 01:13:02.328000,0.0
529,8,90.372,16,0,11.0,0.0,,,0 days 01:14:32.700000,65.27995569620177,0 days 01:14:32.700000,0.0
530,9,90.104,16,0,12.0,0.0,,,0 days 01:16:02.804000,73.70273395532956,0 days 01:16:02.804000,0.0
531,10,90.268,16,0,13.0,0.0,,,0 days 01:17:33.072000,71.17543354430254,0 days 01:17:33.072000,0.0
532,11,89.996,16,0,14.0,0.0,,,0 days 01:19:03.068000,58.86156440198235,0 days 01:19:03.068000,0.0
533,12,90.381,16,0,15.0,0.0,,,0 days 01:20:33.449000,68.8770972222205,0 days 01:20:33.449000,0.0
534,13,90.323,16,0,16.0,0.0,,,0 days 01:22:03.772000,71.7026711435405,0 days 01:22:03.772000,0.0
535,14,92.05,16,0,17.0,0.0,,,0 days 01:23:35.822000,76.46516549198365,0 days 01:23:35.822000,0.0
536,15,92.93,16,0,18.0,0.0,0 days 01:25:08.752000,,0 days 01:25:09.703000,105.24779708671979,0 days 01:25:09.703000,0.010129845229599173
537,16,89.42,16,2,,0.0,,0 days 01:25:31.136000,0 days 01:27:00.556000,142.24774348246996,0 days 01:27:00.556000,0.193346143090399
538,17,89.408,16,2,,0.0,,,0 days 01:28:29.964000,183.89101323757353,0 days 01:28:29.964000,0.0
539,18,89.283,16,2,,0.0,,,0 days 01:29:59.247000,246.45023054145378,0 days 01:29:59.247000,0.0
540,19,89.641,16,2,,0.0,,,0 days 01:31:28.888000,159.6780299523015,0 days 01:31:28.888000,0.0
541,20,89.493,16,2,,0.0,,,0 days 01:32:58.381000,124.51436153358736,0 days 01:32:58.381000,0.0
542,21,89.563,16,2,,0.0,,,0 days 01:34:27.944000,58.412143735072696,0 days 01:34:27.944000,0.0
543,22,89.588,16,2,,0.0,,,0 days 01:35:57.532000,124.03643176020366,0 days 01:35:57.532000,0.0
544,23,89.379,16,2,,0.0,,,0 days 01:37:26.911000,134.91776351447598,0 days 01:37:26.911000,0.0
545,24,89.104,16,2,,0.0,,,0 days 01:38:56.015000,117.63426443001352,0 days 01:38:56.015000,0.0
546,25,89.416,16,2,,,,,0 days 01:40:25.431000,124.31288845201581,0 days 01:40:25.431000,0.0
547,26,89.442,16,2,,,,,0 days 01:41:54.873000,132.54567871093502,0 days 01:41:54.873000,0.0
548,27,89.215,16,2,,0.0,,,0 days 01:43:24.088000,137.17937635105997,0 days 01:43:24.088000,0.0
549,28,89.254,16,2,,0.0,,,0 days 01:44:53.342000,140.7080757283639,0 days 01:44:53.342000,0.0
550,29,89.255,16,2,,0.0,,,0 days 01:46:22.597000,146.89563522824875,0 days 01:46:22.597000,0.0
551,30,89.093,16,2,,0.0,,,0 days 01:47:51.690000,136.62691083941155,0 days 01:47:51.690000,0.0
552,31,89.381,16,2,,0.0,,,0 days 01:49:21.071000,69.75290199026372,0 days 01:49:21.071000,0.0
553,32,88.823,16,2,,0.0,,,0 days 01:50:49.894000,148.46035975086156,0 days 01:50:49.894000,0.0
554,33,89.148,16,2,,0.0,,,0 days 01:52:19.042000,153.0943535643421,0 days 01:52:19.042000,0.0
555,34,90.05,16,2,,0.0,,,0 days 01:53:49.092000,94.48358014973601,0 days 01:53:49.092000,0.0
559,38,88.725,16,1,8.0,0.0,,,0 days 02:00:40.337000,210.10759803921735,0 days 02:00:40.337000,0.0
560,39,88.907,16,1,9.0,0.0,,,0 days 02:02:09.244000,201.8602449109398,0 days 02:02:09.244000,0.0
561,40,88.433,16,1,10.0,0.0,,,0 days 02:03:37.677000,168.89826121794883,0 days 02:03:37.677000,0.0
562,41,88.338,16,1,11.0,0.0,,,0 days 02:05:06.015000,140.3386360718895,0 days 02:05:06.015000,0.0
563,42,88.729,16,1,12.0,0.0,,,0 days 02:06:34.744000,91.88031707924208,0 days 02:06:34.744000,0.0
564,43,88.954,16,1,13.0,0.0,,,0 days 02:08:03.698000,50.781755484783325,0 days 02:08:03.698000,0.0
565,44,89.171,16,1,14.0,0.0,,,0 days 02:09:32.869000,41.40371408351225,0 days 02:09:32.869000,0.0
566,45,90.335,16,1,15.0,0.0,,,0 days 02:11:03.204000,73.82917172034041,0 days 02:11:03.204000,0.0
567,46,88.982,16,1,16.0,0.0,,,0 days 02:12:32.186000,41.63817944373758,0 days 02:12:32.186000,0.0
568,47,88.974,16,1,17.0,0.0,,,0 days 02:14:01.160000,50.93592031604216,0 days 02:14:01.160000,0.0
569,48,88.638,16,1,18.0,0.0,,,0 days 02:15:29.798000,56.66812926257449,0 days 02:15:29.798000,0.0
570,49,89.17,16,1,19.0,0.0,,,0 days 02:16:58.968000,44.452062128923195,0 days 02:16:58.968000,0.0
571,50,88.952,16,1,20.0,0.0,,,0 days 02:18:27.920000,51.30147310686561,0 days 02:18:27.920000,0.0
572,51,89.998,16,1,21.0,0.0,,,0 days 02:19:57.918000,127.26012106918232,0 days 02:19:57.918000,0.0
579,58,89.557,16,1,28.0,0.0,,,0 days 02:33:45.482000,47.945528900112556,0 days 02:33:45.482000,0.0
581,2,93.38,5,1,2.0,0.0,,,0 days 01:05:36.155000,33.34345418028479,0 days 01:05:36.155000,0.0
582,3,91.953,5,1,3.0,0.0,,,0 days 01:07:08.108000,32.81973381071024,0 days 01:07:08.108000,0.0
583,4,92.027,5,1,4.0,0.0,,,0 days 01:08:40.135000,31.714641030956724,0 days 01:08:40.135000,0.0
584,5,91.23,5,1,5.0,0.0,,,0 days 01:10:11.365000,61.22760264184962,0 days 01:10:11.365000,0.0
585,6,91.316,5,1,6.0,0.0,,,0 days 01:11:42.681000,79.96177418792837,0 days 01:11:42.681000,0.0
586,7,90.715,5,1,7.0,0.0,,,0 days 01:13:13.396000,81.89127071920548,0 days 01:13:13.396000,0.0
587,8,90.942,5,1,8.0,0.0,,,0 days 01:14:44.338000,75.37180485586161,0 days 01:14:44.338000,0.0
588,9,91.124,5,1,9.0,0.0,,,0 days 01:16:15.462000,77.88597588637607,0 days 01:16:15.462000,0.0
589,10,90.955,5,1,10.0,0.0,,,0 days 01:17:46.417000,70.74395413517864,0 days 01:17:46.417000,0.0
590,11,90.86,5,1,11.0,0.0,,,0 days 01:19:17.277000,77.76295794850158,0 days 01:19:17.277000,0.0
591,12,90.733,5,1,12.0,0.0,,,0 days 01:20:48.010000,77.59389853395115,0 days 01:20:48.010000,0.0
592,13,90.717,5,1,13.0,0.0,,,0 days 01:22:18.727000,66.77969630096628,0 days 01:22:18.727000,0.0
593,14,90.495,5,1,14.0,0.0,,,0 days 01:23:49.222000,59.853786216596234,0 days 01:23:49.222000,0.0
594,15,90.748,5,1,15.0,0.0,,,0 days 01:25:19.970000,69.35304259492841,0 days 01:25:19.970000,0.0
595,16,90.595,5,1,16.0,0.0,,,0 days 01:26:50.565000,66.48330235310404,0 days 01:26:50.565000,0.0
596,17,90.31,5,1,17.0,0.0,,,0 days 01:28:20.875000,60.397628098023105,0 days 01:28:20.875000,0.0
597,18,90.16,5,1,18.0,0.0,,,0 days 01:29:51.035000,163.26992033543064,0 days 01:29:51.035000,0.0
598,19,90.25,5,1,19.0,0.0,,,0 days 01:31:21.285000,144.3793879827122,0 days 01:31:21.285000,0.0
599,20,90.805,5,1,20.0,0.0,,,0 days 01:32:52.090000,82.52529477042643,0 days 01:32:52.090000,0.0
600,21,90.563,5,1,21.0,0.0,,,0 days 01:34:22.653000,101.76888975911851,0 days 01:34:22.653000,0.0
601,22,90.092,5,1,22.0,0.0,,,0 days 01:35:52.745000,120.20085018963513,0 days 01:35:52.745000,0.0
602,23,90.982,5,1,23.0,0.0,0 days 01:37:23.727000,,0 days 01:37:24.764000,153.98448150457108,0 days 01:37:24.764000,0.011269411751920798
603,24,90.019,5,2,1.0,0.0,,0 days 01:37:44.964000,0 days 01:39:14.983000,54.78910438596615,0 days 01:39:14.983000,0.18327148676725424
604,25,90.202,5,2,2.0,,,,0 days 01:40:45.185000,29.648939083189877,0 days 01:40:45.185000,0.0
605,26,89.791,5,2,3.0,,,,0 days 01:42:14.976000,32.73672953595581,0 days 01:42:14.976000,0.0
606,27,90.894,5,2,4.0,0.0,,,0 days 01:43:45.870000,33.32745293993247,0 days 01:43:45.870000,0.0
607,28,89.829,5,2,5.0,0.0,,,0 days 01:45:15.699000,63.84899127492746,0 days 01:45:15.699000,0.0
608,29,89.516,5,2,6.0,0.0,,,0 days 01:46:45.215000,73.15312936813608,0 days 01:46:45.215000,0.0
609,30,89.596,5,2,7.0,0.0,,,0 days 01:48:14.811000,65.54421812678156,0 days 01:48:14.811000,0.0
610,31,89.471,5,2,8.0,0.0,,,0 days 01:49:44.282000,51.92697867636865,0 days 01:49:44.282000,0.0
611,32,89.643,5,2,9.0,0.0,,,0 days 01:51:13.925000,48.32282478359559,0 days 01:51:13.925000,0.0
612,33,89.421,5,2,10.0,0.0,,,0 days 01:52:43.346000,65.98363070026868,0 days 01:52:43.346000,0.0
613,34,88.556,5,2,11.0,0.0,,,0 days 01:54:11.902000,841.0712590695703,0 days 01:54:11.902000,0.0
617,38,88.764,5,2,15.0,0.0,,,0 days 02:00:51.105000,641.7541883070763,0 days 02:00:51.105000,0.0
618,39,90.706,5,2,16.0,0.0,,,0 days 02:02:21.811000,639.346757525317,0 days 02:02:21.811000,0.0
619,40,88.783,5,2,17.0,0.0,,,0 days 02:03:50.594000,132.42116443452264,0 days 02:03:50.594000,0.0
620,41,88.77,5,2,18.0,0.0,,,0 days 02:05:19.364000,247.1528487338185,0 days 02:05:19.364000,0.0
621,42,88.699,5,2,19.0,0.0,,,0 days 02:06:48.063000,372.71736128849307,0 days 02:06:48.063000,0.0
622,43,88.69,5,2,20.0,0.0,,,0 days 02:08:16.753000,482.0272676896872,0 days 02:08:16.753000,0.0
623,44,88.619,5,2,21.0,0.0,,,0 days 02:09:45.372000,589.5880655270662,0 days 02:09:45.372000,0.0
624,45,88.601,5,2,22.0,0.0,,,0 days 02:11:13.973000,649.528981422276,0 days 02:11:13.973000,0.0
625,46,90.388,5,2,23.0,0.0,,,0 days 02:12:44.361000,685.3226218537075,0 days 02:12:44.361000,0.0
626,47,88.503,5,2,24.0,0.0,,,0 days 02:14:12.864000,192.11576584758134,0 days 02:14:12.864000,0.0
627,48,88.326,5,2,25.0,0.0,,,0 days 02:15:41.190000,301.2691034704391,0 days 02:15:41.190000,0.0
628,49,88.345,5,2,26.0,0.0,,,0 days 02:17:09.535000,401.2992373575494,0 days 02:17:09.535000,0.0
629,50,88.332,5,2,27.0,0.0,,,0 days 02:18:37.867000,495.8812933247752,0 days 02:18:37.867000,0.0
630,51,88.353,5,2,28.0,0.0,,,0 days 02:20:06.220000,487.0629077749337,0 days 02:20:06.220000,0.0
637,58,88.303,5,2,35.0,0.0,,,0 days 02:33:46.964000,161.18852688746497,0 days 02:33:46.964000,0.0
639,2,92.138,3,0,5.0,0.0,,,0 days 01:05:32.465000,25.013837020953947,0 days 01:05:32.465000,0.0
640,3,91.096,3,0,6.0,0.0,,,0 days 01:07:03.561000,35.95942874092757,0 days 01:07:03.561000,0.0
641,4,91.26,3,0,7.0,0.0,,,0 days 01:08:34.821000,31.061323713923933,0 days 01:08:34.821000,0.0
642,5,91.06,3,0,8.0,0.0,,,0 days 01:10:05.881000,38.783395178195946,0 days 01:10:05.881000,0.0
643,6,90.776,3,0,9.0,0.0,,,0 days 01:11:36.657000,48.66335277427592,0 days 01:11:36.657000,0.0
644,7,91.021,3,0,10.0,0.0,,,0 days 01:13:07.678000,54.289320249089,0 days 01:13:07.678000,0.0
645,8,90.954,3,0,11.0,0.0,,,0 days 01:14:38.632000,72.49565854000248,0 days 01:14:38.632000,0.0
646,9,90.509,3,0,12.0,0.0,,,0 days 01:16:09.141000,81.23525284449954,0 days 01:16:09.141000,0.0
647,10,90.658,3,0,13.0,0.0,,,0 days 01:17:39.799000,72.56687385868598,0 days 01:17:39.799000,0.0
648,11,90.714,3,0,14.0,0.0,,,0 days 01:19:10.513000,79.08002907384069,0 days 01:19:10.513000,0.0
649,12,90.668,3,0,15.0,0.0,,,0 days 01:20:41.181000,80.76137696408627,0 days 01:20:41.181000,0.0
650,13,91.229,3,0,16.0,0.0,,,0 days 01:22:12.410000,75.2720477833523,0 days 01:22:12.410000,0.0
651,14,91.146,3,0,17.0,0.0,,,0 days 01:23:43.556000,96.74185423645886,0 days 01:23:43.556000,0.0
652,15,90.859,3,0,18.0,0.0,,,0 days 01:25:14.415000,77.37788273159744,0 days 01:25:14.415000,0.0
653,16,90.661,3,0,19.0,0.0,,,0 days 01:26:45.076000,358.74039436079806,0 days 01:26:45.076000,0.0
654,17,90.828,3,0,20.0,0.0,,,0 days 01:28:15.904000,424.02106660432287,0 days 01:28:15.904000,0.0
655,18,91.762,3,0,21.0,0.0,0 days 01:29:47.666000,,0 days 01:29:48.655000,458.2389862298195,0 days 01:29:48.655000,0.010662957811775614
656,19,89.368,3,2,1.0,0.0,,0 days 01:30:09.301000,0 days 01:31:38.669000,68.31486154022497,0 days 01:31:38.669000,0.18766702419692038
657,20,89.33,3,2,2.0,0.0,,,0 days 01:33:07.999000,84.16712210941917,0 days 01:33:07.999000,0.0
658,21,90.116,3,2,3.0,0.0,,,0 days 01:34:38.115000,92.15501554856694,0 days 01:34:38.115000,0.0
659,22,89.051,3,2,4.0,0.0,,,0 days 01:36:07.166000,101.22685790598374,0 days 01:36:07.166000,0.0
660,23,89.548,3,2,5.0,0.0,,,0 days 01:37:36.714000,215.69453983026492,0 days 01:37:36.714000,0.0
661,24,89.398,3,2,6.0,0.0,,,0 days 01:39:06.112000,208.338822409085,0 days 01:39:06.112000,0.0
662,25,89.479,3,2,7.0,,,,0 days 01:40:35.591000,207.72584624054778,0 days 01:40:35.591000,0.0
663,26,89.253,3,2,8.0,,,,0 days 01:42:04.844000,193.93949666376818,0 days 01:42:04.844000,0.0
664,27,89.289,3,2,9.0,0.0,,,0 days 01:43:34.133000,187.27342370993298,0 days 01:43:34.133000,0.0
665,28,89.165,3,2,10.0,0.0,,,0 days 01:45:03.298000,176.08433893195473,0 days 01:45:03.298000,0.0
666,29,89.168,3,2,11.0,0.0,,,0 days 01:46:32.466000,171.87049516128832,0 days 01:46:32.466000,0.0
667,30,89.29,3,2,12.0,0.0,,,0 days 01:48:01.756000,187.0977717080809,0 days 01:48:01.756000,0.0
668,31,89.232,3,2,13.0,0.0,,,0 days 01:49:30.988000,205.2920970970987,0 days 01:49:30.988000,0.0
669,32,88.88,3,2,14.0,0.0,,,0 days 01:50:59.868000,186.29559952810047,0 days 01:50:59.868000,0.0
670,33,89.042,3,2,15.0,0.0,,,0 days 01:52:28.910000,182.9670283824162,0 days 01:52:28.910000,0.0
671,34,88.817,3,2,16.0,0.0,,,0 days 01:53:57.727000,174.57237971230316,0 days 01:53:57.727000,0.0
675,38,89.066,3,2,20.0,0.0,,,0 days 02:00:36.850000,88.24875795165477,0 days 02:00:36.850000,0.0
676,39,89.466,3,2,21.0,0.0,,,0 days 02:02:06.316000,42.39338660337453,0 days 02:02:06.316000,0.0
677,40,88.879,3,2,22.0,0.0,,,0 days 02:03:35.195000,50.45220773254154,0 days 02:03:35.195000,0.0
678,41,89.022,3,2,23.0,0.0,,,0 days 02:05:04.217000,42.52554650915311,0 days 02:05:04.217000,0.0
679,42,89.406,3,2,24.0,0.0,,,0 days 02:06:33.623000,40.28586735053731,0 days 02:06:33.623000,0.0
680,43,89.274,3,2,25.0,0.0,,,0 days 02:08:02.897000,60.17923478751879,0 days 02:08:02.897000,0.0
681,44,89.077,3,2,26.0,0.0,,,0 days 02:09:31.974000,51.73057693666756,0 days 02:09:31.974000,0.0
682,45,88.968,3,2,27.0,0.0,,,0 days 02:11:00.942000,49.0521633050259,0 days 02:11:00.942000,0.0
683,46,90.342,3,2,28.0,0.0,,,0 days 02:12:31.284000,123.87777969228523,0 days 02:12:31.284000,0.0
684,47,88.854,3,2,29.0,0.0,,,0 days 02:14:00.138000,57.29800376046424,0 days 02:14:00.138000,0.0
685,48,88.723,3,2,30.0,0.0,,,0 days 02:15:28.861000,65.52612691815919,0 days 02:15:28.861000,0.0
686,49,89.261,3,2,31.0,0.0,,,0 days 02:16:58.122000,42.861403341793796,0 days 02:16:58.122000,0.0
687,50,88.801,3,2,32.0,0.0,,,0 days 02:18:26.923000,54.03728182205139,0 days 02:18:26.923000,0.0
688,51,88.742,3,2,33.0,0.0,,,0 days 02:19:55.665000,57.953569479874666,0 days 02:19:55.665000,0.0
694,57,89.48,3,0,8.0,0.0,,,0 days 02:32:42.994000,89.82248699015521,0 days 02:32:42.994000,0.0
696,2,93.222,18,1,2.0,0.0,,,0 days 01:05:35.647000,32.18656237218797,0 days 01:05:35.647000,0.0
697,3,91.943,18,1,3.0,0.0,,,0 days 01:07:07.590000,42.76588003320819,0 days 01:07:07.590000,0.0
698,4,91.871,18,1,4.0,0.0,,,0 days 01:08:39.461000,49.7570305139934,0 days 01:08:39.461000,0.0
699,5,93.084,18,1,5.0,0.0,,,0 days 01:10:12.545000,46.631455083471174,0 days 01:10:12.545000,0.0
700,6,91.59,18,1,6.0,0.0,,,0 days 01:11:44.135000,67.87410025662267,0 days 01:11:44.135000,0.0
701,7,91.07,18,1,7.0,0.0,,,0 days 01:13:15.205000,86.42097222222218,0 days 01:13:15.205000,0.0
702,8,91.007,18,1,8.0,0.0,,,0 days 01:14:46.212000,109.69957896575984,0 days 01:14:46.212000,0.0
703,9,91.086,18,1,9.0,0.0,,,0 days 01:16:17.298000,105.7269561642877,0 days 01:16:17.298000,0.0
704,10,91.052,18,1,10.0,0.0,,,0 days 01:17:48.350000,110.75972553740961,0 days 01:17:48.350000,0.0
705,11,90.743,18,1,11.0,0.0,,,0 days 01:19:19.093000,107.39611759142704,0 days 01:19:19.093000,0.0
706,12,90.858,18,1,12.0,0.0,,,0 days 01:20:49.951000,115.104872320304,0 days 01:20:49.951000,0.0
707,13,90.581,18,1,13.0,0.0,,,0 days 01:22:20.532000,113.47310647562881,0 days 01:22:20.532000,0.0
708,14,90.622,18,1,14.0,0.0,,,0 days 01:23:51.154000,113.35444075712903,0 days 01:23:51.154000,0.0
709,15,90.446,18,1,15.0,0.0,,,0 days 01:25:21.600000,109.84109285011978,0 days 01:25:21.600000,0.0
710,16,90.827,18,1,16.0,0.0,,,0 days 01:26:52.427000,100.59292881944529,0 days 01:26:52.427000,0.0
711,17,90.519,18,1,17.0,0.0,,,0 days 01:28:22.946000,111.51175618829102,0 days 01:28:22.946000,0.0
712,18,90.369,18,1,18.0,0.0,,,0 days 01:29:53.315000,126.1498475524981,0 days 01:29:53.315000,0.0
713,19,90.283,18,1,19.0,0.0,,,0 days 01:31:23.598000,131.99187500000147,0 days 01:31:23.598000,0.0
714,20,90.802,18,1,20.0,0.0,,,0 days 01:32:54.400000,141.12074126092273,0 days 01:32:54.400000,0.0
715,21,91.51,18,1,21.0,0.0,0 days 01:34:25.910000,,0 days 01:34:26.975000,138.32342649259127,0 days 01:34:26.975000,0.011504185795301106
716,22,89.674,18,2,1.0,0.0,,0 days 01:34:48.146000,0 days 01:36:17.820000,219.88898744135537,0 days 01:36:17.820000,0.19099643646533437
717,23,89.676,18,2,2.0,0.0,,,0 days 01:37:47.496000,260.08432092807146,0 days 01:37:47.496000,0.0
718,24,89.839,18,2,3.0,0.0,,,0 days 01:39:17.335000,209.53511386386154,0 days 01:39:17.335000,0.0
719,25,89.997,18,2,4.0,,,,0 days 01:40:47.332000,108.51397168109393,0 days 01:40:47.332000,0.0
720,26,89.954,18,2,5.0,0.0,,,0 days 01:42:17.286000,122.1093699625803,0 days 01:42:17.286000,0.0
721,27,89.924,18,2,6.0,0.0,,,0 days 01:43:47.210000,132.07954286121918,0 days 01:43:47.210000,0.0
722,28,90.847,18,2,7.0,0.0,,,0 days 01:45:18.057000,50.969706379381904,0 days 01:45:18.057000,0.0
723,29,89.324,18,2,8.0,0.0,,,0 days 01:46:47.381000,135.24664917166575,0 days 01:46:47.381000,0.0
724,30,89.439,18,2,9.0,0.0,,,0 days 01:48:16.820000,123.73119853988494,0 days 01:48:16.820000,0.0
725,31,89.394,18,2,10.0,0.0,,,0 days 01:49:46.214000,126.56502341627517,0 days 01:49:46.214000,0.0
726,32,89.409,18,2,11.0,0.0,,,0 days 01:51:15.623000,115.31272496087252,0 days 01:51:15.623000,0.0
727,33,89.386,18,2,12.0,0.0,,,0 days 01:52:45.009000,102.86908336862984,0 days 01:52:45.009000,0.0
728,34,89.223,18,2,13.0,0.0,,,0 days 01:54:14.232000,113.47135513853469,0 days 01:54:14.232000,0.0
732,38,91.164,18,2,17.0,0.0,,,0 days 02:00:55.440000,153.99988285024364,0 days 02:00:55.440000,0.0
733,39,88.946,18,2,18.0,0.0,,,0 days 02:02:24.386000,173.48322876857858,0 days 02:02:24.386000,0.0
734,40,89.075,18,2,19.0,0.0,,,0 days 02:03:53.461000,149.94885513853578,0 days 02:03:53.461000,0.0
735,41,88.994,18,2,20.0,0.0,,,0 days 02:05:22.455000,175.13514420351538,0 days 02:05:22.455000,0.0
736,42,88.649,18,2,21.0,0.0,,,0 days 02:06:51.104000,183.97501509661922,0 days 02:06:51.104000,0.0
737,43,88.807,18,2,22.0,0.0,,,0 days 02:08:19.911000,183.6687297786278,0 days 02:08:19.911000,0.0
738,44,90.394,18,2,23.0,0.0,,,0 days 02:09:50.305000,231.49730457844632,0 days 02:09:50.305000,0.0
739,45,88.776,18,2,24.0,0.0,,,0 days 02:11:19.081000,165.68808021143704,0 days 02:11:19.081000,0.0
740,46,88.789,18,2,25.0,0.0,,,0 days 02:12:47.870000,227.87461270347163,0 days 02:12:47.870000,0.0
741,47,88.768,18,2,26.0,0.0,,,0 days 02:14:16.638000,220.29509217817503,0 days 02:14:16.638000,0.0
742,48,88.567,18,2,27.0,0.0,,,0 days 02:15:45.205000,235.41224694124247,0 days 02:15:45.205000,0.0
743,49,88.709,18,2,28.0,0.0,,,0 days 02:17:13.914000,247.20959060593384,0 days 02:17:13.914000,0.0
744,50,89.008,18,2,29.0,0.0,,,0 days 02:18:42.922000,278.46538057324875,0 days 02:18:42.922000,0.0
745,51,88.594,18,2,30.0,0.0,,,0 days 02:20:11.516000,309.7220471014485,0 days 02:20:11.516000,0.0
751,57,92.389,18,0,5.0,0.0,,,0 days 02:32:47.418000,241.95272154055894,0 days 02:32:47.418000,0.0
753,2,94.049,47,0,2.0,0.0,,,0 days 01:05:38.222000,30.36768755068895,0 days 01:05:38.222000,0.0
754,3,93.612,47,0,3.0,0.0,,,0 days 01:07:11.834000,26.4559647422816,0 days 01:07:11.834000,0.0
755,4,92.407,47,0,4.0,0.0,,,0 days 01:08:44.241000,47.76391725110037,0 days 01:08:44.241000,0.0
756,5,91.634,47,0,5.0,0.0,,,0 days 01:10:15.875000,50.116938708105366,0 days 01:10:15.875000,0.0
757,6,92.041,47,0,6.0,0.0,,,0 days 01:11:47.916000,42.514903088722185,0 days 01:11:47.916000,0.0
758,7,91.681,47,0,7.0,0.0,,,0 days 01:13:19.597000,51.98032378472067,0 days 01:13:19.597000,0.0
759,8,92.228,47,0,8.0,0.0,,,0 days 01:14:51.825000,83.49381331953053,0 days 01:14:51.825000,0.0
760,9,91.755,47,0,9.0,0.0,,,0 days 01:16:23.580000,90.14356047995693,0 days 01:16:23.580000,0.0
761,10,92.39,47,0,10.0,0.0,0 days 01:17:55.970000,,0 days 01:17:56.958000,85.9054253472239,0 days 01:17:56.958000,0.010580650688599027
762,11,89.386,47,2,1.0,0.0,,0 days 01:18:18.033000,0 days 01:19:47.419000,1010.0061177385891,0 days 01:19:47.419000,0.19079132001339838
763,12,90.122,47,2,2.0,0.0,,,0 days 01:21:17.541000,1128.0740602498918,0 days 01:21:17.541000,0.0
764,13,90.231,47,2,3.0,0.0,,,0 days 01:22:47.772000,1075.4940878045315,0 days 01:22:47.772000,0.0
765,14,90.727,47,2,4.0,0.0,,,0 days 01:24:18.499000,1050.735609217172,0 days 01:24:18.499000,0.0
766,15,90.687,47,2,5.0,0.0,,,0 days 01:25:49.186000,1016.8348887838,0 days 01:25:49.186000,0.0
767,16,90.458,47,2,6.0,0.0,,,0 days 01:27:19.644000,876.2869195869845,0 days 01:27:19.644000,0.0
768,17,90.581,47,2,7.0,0.0,,,0 days 01:28:50.225000,849.4932656250006,0 days 01:28:50.225000,0.0
769,18,90.736,47,2,8.0,0.0,,,0 days 01:30:20.961000,475.12454241226146,0 days 01:30:20.961000,0.0
770,19,90.983,47,2,9.0,0.0,,,0 days 01:31:51.944000,492.33421359795017,0 days 01:31:51.944000,0.0
771,20,90.586,47,2,10.0,0.0,,,0 days 01:33:22.530000,544.0270921985829,0 days 01:33:22.530000,0.0
772,21,90.95,47,2,11.0,0.0,,,0 days 01:34:53.480000,571.1197457451215,0 days 01:34:53.480000,0.0
773,22,90.884,47,2,12.0,0.0,,,0 days 01:36:24.364000,170.3333969104669,0 days 01:36:24.364000,0.0
774,23,90.946,47,2,13.0,0.0,,,0 days 01:37:55.310000,185.04958912768737,0 days 01:37:55.310000,0.0
775,24,90.52,47,2,14.0,0.0,,,0 days 01:39:25.830000,189.1786729781786,0 days 01:39:25.830000,0.0
776,25,90.266,47,2,15.0,,,,0 days 01:40:56.096000,370.4244006037105,0 days 01:40:56.096000,0.0
777,26,90.969,47,2,16.0,0.0,,,0 days 01:42:27.065000,479.9053932524484,0 days 01:42:27.065000,0.0
778,27,90.904,47,2,17.0,0.0,,,0 days 01:43:57.969000,588.981867421036,0 days 01:43:57.969000,0.0
779,28,90.726,47,2,18.0,0.0,,,0 days 01:45:28.695000,589.3206249999997,0 days 01:45:28.695000,0.0
780,29,90.524,47,2,19.0,0.0,,,0 days 01:46:59.219000,625.6568306962034,0 days 01:46:59.219000,0.0
781,30,92.165,47,2,20.0,0.0,,,0 days 01:48:31.384000,756.9052103224003,0 days 01:48:31.384000,0.0
782,31,92.29,47,2,21.0,0.0,,,0 days 01:50:03.674000,272.8390172401884,0 days 01:50:03.674000,0.0
783,32,90.218,47,2,22.0,0.0,,,0 days 01:51:33.892000,213.39669398618287,0 days 01:51:33.892000,0.0
784,33,90.038,47,2,23.0,0.0,,,0 days 01:53:03.930000,353.1796915720857,0 days 01:53:03.930000,0.0
785,34,90.006,47,2,24.0,0.0,,,0 days 01:54:33.936000,494.0026691505727,0 days 01:54:33.936000,0.0
788,37,92.144,47,2,27.0,0.0,,,0 days 01:59:47.801000,1177.6161662908273,0 days 01:59:47.801000,0.0
789,38,89.58,47,2,28.0,0.0,,,0 days 02:01:17.381000,387.53703774116457,0 days 02:01:17.381000,0.0
790,39,89.74,47,2,29.0,0.0,,,0 days 02:02:47.121000,584.4456830601091,0 days 02:02:47.121000,0.0
791,40,89.767,47,2,30.0,0.0,,,0 days 02:04:16.888000,787.0851301206537,0 days 02:04:16.888000,0.0
792,41,89.654,47,2,31.0,0.0,,,0 days 02:05:46.542000,995.0120407876241,0 days 02:05:46.542000,0.0
793,42,89.457,47,2,32.0,0.0,,,0 days 02:07:15.999000,1189.3170891497464,0 days 02:07:15.999000,0.0
794,43,89.552,47,2,33.0,0.0,,,0 days 02:08:45.551000,1354.11620352767,0 days 02:08:45.551000,0.0
795,44,89.929,47,2,34.0,0.0,,,0 days 02:10:15.480000,1459.4055325827717,0 days 02:10:15.480000,0.0
796,45,91.055,47,2,35.0,0.0,,,0 days 02:11:46.535000,1523.21044616977,0 days 02:11:46.535000,0.0
797,46,90.25,47,2,36.0,0.0,,,0 days 02:13:16.785000,217.79143041596743,0 days 02:13:16.785000,0.0
798,47,90.2,47,2,37.0,0.0,,,0 days 02:14:46.985000,443.5609666317262,0 days 02:14:46.985000,0.0
799,48,89.751,47,2,38.0,0.0,,,0 days 02:16:16.736000,664.4754010592045,0 days 02:16:16.736000,0.0
800,49,89.762,47,2,39.0,0.0,,,0 days 02:17:46.498000,866.7970626402955,0 days 02:17:46.498000,0.0
801,50,89.962,47,2,40.0,0.0,,,0 days 02:19:16.460000,1066.9705660641703,0 days 02:19:16.460000,0.0
802,51,90.614,47,2,41.0,,,,0 days 02:20:47.074000,1285.180992509364,0 days 02:20:47.074000,0.0
808,57,91.021,47,0,8.0,0.0,,,0 days 02:32:48.022000,83.84525408191308,0 days 02:32:48.022000,0.0
810,2,89.507,11,0,5.0,0.0,,,0 days 01:05:25.339000,64.56548992479182,0 days 01:05:25.339000,0.0
811,3,89.273,11,0,6.0,0.0,,,0 days 01:06:54.612000,91.78114066951385,0 days 01:06:54.612000,0.0
812,4,88.902,11,0,7.0,0.0,,,0 days 01:08:23.514000,106.77048360538414,0 days 01:08:23.514000,0.0
813,5,89.249,11,0,8.0,0.0,,,0 days 01:09:52.763000,106.05166524216683,0 days 01:09:52.763000,0.0
814,6,89.239,11,0,9.0,0.0,,,0 days 01:11:22.002000,150.13547585936618,0 days 01:11:22.002000,0.0
815,7,89.022,11,0,10.0,0.0,,,0 days 01:12:51.024000,175.88210856958693,0 days 01:12:51.024000,0.0
816,8,88.94,11,0,11.0,0.0,,,0 days 01:14:19.964000,184.809000786499,0 days 01:14:19.964000,0.0
817,9,89.063,11,0,12.0,0.0,,,0 days 01:15:49.027000,195.1245747533264,0 days 01:15:49.027000,0.0
818,10,88.937,11,0,13.0,0.0,,,0 days 01:17:17.964000,209.0316963010559,0 days 01:17:17.964000,0.0
819,11,88.886,11,0,14.0,0.0,,,0 days 01:18:46.850000,201.63239014337154,0 days 01:18:46.850000,0.0
820,12,89.165,11,0,15.0,0.0,,,0 days 01:20:16.015000,193.3381688362506,0 days 01:20:16.015000,0.0
821,13,89.267,11,0,16.0,0.0,,,0 days 01:21:45.282000,181.1847238309748,0 days 01:21:45.282000,0.0
822,14,89.392,11,0,17.0,0.0,,,0 days 01:23:14.674000,547.6191141594987,0 days 01:23:14.674000,0.0
823,15,89.581,11,0,18.0,0.0,,,0 days 01:24:44.255000,2.2673385837944857,0 days 01:24:44.255000,0.0
824,16,89.683,11,0,19.0,0.0,,,0 days 01:26:13.938000,0.0,0 days 01:26:13.938000,0.0
825,17,89.967,11,0,20.0,0.0,,,0 days 01:27:43.905000,0.0,0 days 01:27:43.905000,0.0
826,18,90.588,11,0,21.0,0.0,,,0 days 01:29:14.493000,0.0,0 days 01:29:14.493000,0.0
827,19,91.034,11,0,22.0,0.0,,,0 days 01:30:45.527000,0.0,0 days 01:30:45.527000,0.0
828,20,94.359,11,0,23.0,0.0,,,0 days 01:32:19.886000,6.083165555552647,0 days 01:32:19.886000,0.0
829,21,95.798,11,0,24.0,0.0,0 days 01:33:55.684000,,0 days 01:33:56.710000,38.00138546557172,0 days 01:33:56.710000,0.010596546310832025
830,22,88.355,11,2,1.0,0.0,,0 days 01:34:17.119000,0 days 01:35:45.474000,500.63492125755306,0 days 01:35:45.474000,0.18764480894413582
831,23,88.513,11,2,2.0,0.0,,,0 days 01:37:13.987000,493.868396660909,0 days 01:37:13.987000,0.0
832,24,88.605,11,2,3.0,0.0,,,0 days 01:38:42.592000,453.2447229474897,0 days 01:38:42.592000,0.0
833,25,87.725,11,2,4.0,,,,0 days 01:40:10.317000,403.2465188888887,0 days 01:40:10.317000,0.0
834,26,88.313,11,2,5.0,,,,0 days 01:41:38.630000,333.9333382870997,0 days 01:41:38.630000,0.0
835,27,88.051,11,2,6.0,0.0,,,0 days 01:43:06.681000,273.9008812197292,0 days 01:43:06.681000,0.0
836,28,87.962,11,2,7.0,0.0,,,0 days 01:44:34.643000,204.8056418185773,0 days 01:44:34.643000,0.0
837,29,87.978,11,2,8.0,0.0,,,0 days 01:46:02.621000,135.36479721858112,0 days 01:46:02.621000,0.0
838,30,88.339,11,2,9.0,0.0,,,0 days 01:47:30.960000,103.40585170773771,0 days 01:47:30.960000,0.0
839,31,87.95,11,2,10.0,0.0,,,0 days 01:48:58.910000,1512.838034104132,0 days 01:48:58.910000,0.0
840,32,87.82,11,2,11.0,0.0,,,0 days 01:50:26.730000,1508.996766391066,0 days 01:50:26.730000,0.0
841,33,87.96,11,2,12.0,0.0,,,0 days 01:51:54.690000,1528.421457433795,0 days 01:51:54.690000,0.0
842,34,87.306,11,2,13.0,0.0,,,0 days 01:53:21.996000,1526.1740441919142,0 days 01:53:21.996000,0.0
843,35,87.423,11,2,14.0,0.0,,,0 days 01:54:49.419000,1494.398565055627,0 days 01:54:49.419000,0.0
846,38,86.75,11,2,2.0,0.0,,,0 days 02:00:08.675000,1541.822808057736,0 days 02:00:08.675000,0.0
847,39,86.58,11,2,3.0,0.0,,,0 days 02:01:35.255000,1570.4544280831874,0 days 02:01:35.255000,0.0
848,40,86.643,11,2,4.0,0.0,,,0 days 02:03:01.898000,1581.190802509428,0 days 02:03:01.898000,0.0
849,41,86.661,11,2,5.0,0.0,,,0 days 02:04:28.559000,1598.391877726878,0 days 02:04:28.559000,0.0
850,42,87.04,11,2,6.0,0.0,,,0 days 02:05:55.599000,1624.5300450890911,0 days 02:05:55.599000,0.0
851,43,86.596,11,2,7.0,0.0,,,0 days 02:07:22.195000,1656.749980314959,0 days 02:07:22.195000,0.0
852,44,86.914,11,2,8.0,0.0,,,0 days 02:08:49.109000,1646.8377799507416,0 days 02:08:49.109000,0.0
853,45,88.217,11,2,9.0,0.0,,,0 days 02:10:17.326000,1679.2639922522135,0 days 02:10:17.326000,0.0
854,46,87.028,11,2,10.0,0.0,,,0 days 02:11:44.354000,1745.7647198742948,0 days 02:11:44.354000,0.0
855,47,86.642,11,2,11.0,0.0,,,0 days 02:13:10.996000,1739.9066155831922,0 days 02:13:10.996000,0.0
856,48,86.429,11,2,12.0,0.0,,,0 days 02:14:37.425000,1745.5655283618057,0 days 02:14:37.425000,0.0
857,49,86.507,11,2,13.0,0.0,,,0 days 02:16:03.932000,1735.159945866142,0 days 02:16:03.932000,0.0
858,50,86.428,11,2,14.0,0.0,,,0 days 02:17:30.360000,1713.9760709351358,0 days 02:17:30.360000,0.0
859,51,86.419,11,2,15.0,0.0,,,0 days 02:18:56.779000,1685.9586963425302,0 days 02:18:56.779000,0.0
860,52,86.529,11,2,16.0,0.0,,,0 days 02:20:23.308000,1629.8133523716238,0 days 02:20:23.308000,0.0
865,2,94.545,6,1,2.0,0.0,,,0 days 01:05:37.792000,32.651897699758536,0 days 01:05:37.792000,0.0
866,3,93.236,6,1,3.0,0.0,,,0 days 01:07:11.028000,88.09512199699559,0 days 01:07:11.028000,0.0
867,4,92.304,6,1,4.0,0.0,,,0 days 01:08:43.332000,109.95983402346545,0 days 01:08:43.332000,0.0
868,5,91.755,6,1,5.0,0.0,,,0 days 01:10:15.087000,119.25354253255874,0 days 01:10:15.087000,0.0
869,6,92.003,6,1,6.0,0.0,,,0 days 01:11:47.090000,113.1590902172417,0 days 01:11:47.090000,0.0
870,7,91.378,6,1,7.0,0.0,,,0 days 01:13:18.468000,129.97921389237197,0 days 01:13:18.468000,0.0
871,8,91.795,6,1,8.0,0.0,,,0 days 01:14:50.263000,135.62894690357393,0 days 01:14:50.263000,0.0
872,9,91.704,6,1,9.0,0.0,,,0 days 01:16:21.967000,156.7949838541667,0 days 01:16:21.967000,0.0
873,10,91.389,6,1,10.0,0.0,,,0 days 01:17:53.356000,197.7860693400148,0 days 01:17:53.356000,0.0
874,11,91.511,6,1,11.0,0.0,,,0 days 01:19:24.867000,225.5281777777792,0 days 01:19:24.867000,0.0
875,12,90.971,6,1,12.0,0.0,,,0 days 01:20:55.838000,252.35068605870146,0 days 01:20:55.838000,0.0
876,13,91.078,6,1,13.0,0.0,,,0 days 01:22:26.916000,247.2832370719769,0 days 01:22:26.916000,0.0
877,14,90.932,6,1,14.0,0.0,,,0 days 01:23:57.848000,251.33148002379195,0 days 01:23:57.848000,0.0
878,15,91.134,6,1,15.0,0.0,,,0 days 01:25:28.982000,261.02062342965024,0 days 01:25:28.982000,0.0
879,16,91.047,6,1,16.0,0.0,,,0 days 01:27:00.029000,167.40805071260442,0 days 01:27:00.029000,0.0
880,17,91.891,6,1,17.0,0.0,,,0 days 01:28:31.920000,172.94840465927786,0 days 01:28:31.920000,0.0
881,18,90.912,6,1,18.0,0.0,,,0 days 01:30:02.832000,159.16447873372258,0 days 01:30:02.832000,0.0
882,19,90.884,6,1,19.0,0.0,,,0 days 01:31:33.716000,241.04206116652654,0 days 01:31:33.716000,0.0
883,20,92.317,6,1,20.0,0.0,,,0 days 01:33:06.033000,160.6686503548996,0 days 01:33:06.033000,0.0
884,21,90.886,6,1,21.0,0.0,,,0 days 01:34:36.919000,137.9589971634154,0 days 01:34:36.919000,0.0
885,22,92.122,6,1,22.0,0.0,,,0 days 01:36:09.041000,138.22869922896845,0 days 01:36:09.041000,0.0
886,23,90.803,6,1,23.0,0.0,,,0 days 01:37:39.844000,142.83025330939424,0 days 01:37:39.844000,0.0
887,24,90.935,6,1,24.0,0.0,,,0 days 01:39:10.779000,224.9722138959746,0 days 01:39:10.779000,0.0
888,25,91.055,6,1,25.0,,,,0 days 01:40:41.834000,312.5813090144058,0 days 01:40:41.834000,0.0
889,26,91.067,6,1,26.0,,,,0 days 01:42:12.901000,417.51812642085656,0 days 01:42:12.901000,0.0
890,27,92.497,6,1,27.0,0.0,,,0 days 01:43:45.398000,353.6415438833469,0 days 01:43:45.398000,0.0
891,28,93.15299999999999,6,1,28.0,0.0,0 days 01:45:18.551000,,0 days 01:45:19.564000,72.79928274782203,0 days 01:45:19.564000,0.010757598283881654
892,29,89.529,6,2,1.0,0.0,,0 days 01:45:39.815000,0 days 01:47:09.344000,505.08561860762507,0 days 01:47:09.344000,0.18446893787575158
893,30,89.293,6,2,2.0,0.0,,,0 days 01:48:38.637000,267.76775153527717,0 days 01:48:38.637000,0.0
894,31,89.393,6,2,3.0,0.0,,,0 days 01:50:08.030000,306.71396654527246,0 days 01:50:08.030000,0.0
895,32,89.431,6,2,4.0,0.0,,,0 days 01:51:37.461000,231.15864286221097,0 days 01:51:37.461000,0.0
896,33,89.542,6,2,5.0,0.0,,,0 days 01:53:07.003000,197.3577636952549,0 days 01:53:07.003000,0.0
897,34,89.53,6,2,6.0,0.0,,,0 days 01:54:36.533000,158.6027002461333,0 days 01:54:36.533000,0.0
900,37,91.298,6,2,9.0,0.0,,,0 days 01:59:48.977000,35.980044858524145,0 days 01:59:48.977000,0.0
901,38,89.844,6,2,10.0,0.0,,,0 days 02:01:18.821000,76.82732100322089,0 days 02:01:18.821000,0.0
902,39,89.897,6,2,11.0,0.0,,,0 days 02:02:48.718000,86.18980594087259,0 days 02:02:48.718000,0.0
903,40,89.627,6,2,12.0,0.0,,,0 days 02:04:18.345000,78.62779445849097,0 days 02:04:18.345000,0.0
904,41,89.676,6,2,13.0,0.0,,,0 days 02:05:48.021000,80.33430889591993,0 days 02:05:48.021000,0.0
905,42,89.542,6,2,14.0,0.0,,,0 days 02:07:17.563000,80.62309375440064,0 days 02:07:17.563000,0.0
906,43,89.337,6,2,15.0,0.0,,,0 days 02:08:46.900000,83.25484965454068,0 days 02:08:46.900000,0.0
907,44,89.824,6,2,16.0,0.0,,,0 days 02:10:16.724000,59.33389414983171,0 days 02:10:16.724000,0.0
908,45,90.962,6,2,17.0,0.0,,,0 days 02:11:47.686000,124.6024494949475,0 days 02:11:47.686000,0.0
909,46,89.995,6,2,18.0,0.0,,,0 days 02:13:17.681000,51.93931045340113,0 days 02:13:17.681000,0.0
910,47,90.134,6,2,19.0,0.0,,,0 days 02:14:47.815000,41.638547963896066,0 days 02:14:47.815000,0.0
911,48,90.648,6,2,20.0,0.0,,,0 days 02:16:18.463000,48.5342196843272,0 days 02:16:18.463000,0.0
912,49,89.349,6,2,21.0,0.0,,,0 days 02:17:47.812000,89.63003146975937,0 days 02:17:47.812000,0.0
913,50,89.752,6,2,22.0,0.0,,,0 days 02:19:17.564000,68.9494066933568,0 days 02:19:17.564000,0.0
915,2,93.17,99,1,2.0,0.0,,,0 days 01:05:35.079000,24.463749146872285,0 days 01:05:35.079000,0.0
916,3,91.837,99,1,3.0,0.0,,,0 days 01:07:06.916000,41.06043225270243,0 days 01:07:06.916000,0.0
917,4,91.553,99,1,4.0,0.0,,,0 days 01:08:38.469000,63.99168335419135,0 days 01:08:38.469000,0.0
918,5,91.597,99,1,5.0,0.0,,,0 days 01:10:10.066000,75.8607930555569,0 days 01:10:10.066000,0.0
919,6,91.313,99,1,6.0,0.0,,,0 days 01:11:41.379000,101.26220168476522,0 days 01:11:41.379000,0.0
920,7,90.707,99,1,7.0,0.0,,,0 days 01:13:12.086000,119.65963583368189,0 days 01:13:12.086000,0.0
921,8,91.022,99,1,8.0,0.0,,,0 days 01:14:43.108000,113.40493291404695,0 days 01:14:43.108000,0.0
922,9,91.039,99,1,9.0,0.0,,,0 days 01:16:14.147000,94.00806849986198,0 days 01:16:14.147000,0.0
923,10,91.035,99,1,10.0,0.0,,,0 days 01:17:45.182000,93.9185304997215,0 days 01:17:45.182000,0.0
924,11,90.746,99,1,11.0,0.0,,,0 days 01:19:15.928000,96.04698898709377,0 days 01:19:15.928000,0.0
925,12,90.868,99,1,12.0,0.0,,,0 days 01:20:46.796000,100.20561590400068,0 days 01:20:46.796000,0.0
926,13,90.853,99,1,13.0,0.0,,,0 days 01:22:17.649000,124.61722099621646,0 days 01:22:17.649000,0.0
927,14,90.546,99,1,14.0,0.0,,,0 days 01:23:48.195000,140.5541557803061,0 days 01:23:48.195000,0.0
928,15,90.55,99,1,15.0,0.0,,,0 days 01:25:18.745000,128.75356832210872,0 days 01:25:18.745000,0.0
929,16,90.682,99,1,16.0,0.0,,,0 days 01:26:49.427000,130.65134572542536,0 days 01:26:49.427000,0.0
930,17,91.384,99,1,17.0,0.0,0 days 01:28:20.811000,,0 days 01:28:21.859000,137.0061746906039,0 days 01:28:21.859000,0.011338064739484162
931,18,90.183,99,2,1.0,0.0,,0 days 01:28:43.071000,0 days 01:30:13.254000,334.9505875523836,0 days 01:30:13.254000,0.1904214731361371
932,19,89.556,99,2,2.0,0.0,,,0 days 01:31:42.810000,293.99679958561325,0 days 01:31:42.810000,0.0
933,20,90.001,99,2,3.0,0.0,,,0 days 01:33:12.811000,238.9947531835973,0 days 01:33:12.811000,0.0
934,21,90.18,99,2,4.0,0.0,,,0 days 01:34:42.991000,147.69430258560595,0 days 01:34:42.991000,0.0
935,22,90.137,99,2,5.0,0.0,,,0 days 01:36:13.128000,102.61266761844205,0 days 01:36:13.128000,0.0
936,23,90.346,99,2,6.0,0.0,,,0 days 01:37:43.474000,69.52588581424767,0 days 01:37:43.474000,0.0
937,24,91.109,99,2,7.0,0.0,,,0 days 01:39:14.583000,35.76456104034008,0 days 01:39:14.583000,0.0
938,25,89.792,99,2,8.0,,,,0 days 01:40:44.375000,103.27058369408314,0 days 01:40:44.375000,0.0
939,26,90.004,99,2,9.0,,,,0 days 01:42:14.379000,106.54708117443818,0 days 01:42:14.379000,0.0
940,27,89.712,99,2,10.0,0.0,,,0 days 01:43:44.091000,219.71575978291992,0 days 01:43:44.091000,0.0
941,28,90.282,99,2,11.0,0.0,,,0 days 01:45:14.373000,610.5925860969402,0 days 01:45:14.373000,0.0
942,29,89.694,99,2,12.0,0.0,,,0 days 01:46:44.067000,661.293314992877,0 days 01:46:44.067000,0.0
943,30,89.775,99,2,13.0,0.0,,,0 days 01:48:13.842000,686.534253405705,0 days 01:48:13.842000,0.0
944,31,89.505,99,2,14.0,0.0,,,0 days 01:49:43.347000,708.3933031633769,0 days 01:49:43.347000,0.0
945,32,89.596,99,2,15.0,0.0,,,0 days 01:51:12.943000,743.8017508525153,0 days 01:51:12.943000,0.0
946,33,89.442,99,2,16.0,0.0,,,0 days 01:52:42.385000,774.2086521785102,0 days 01:52:42.385000,0.0
948,2,94.186,63,1,2.0,0.0,,,0 days 01:05:38.915000,39.85662953962643,0 days 01:05:38.915000,0.0
949,3,93.882,63,1,3.0,0.0,,,0 days 01:07:12.797000,32.8810115176183,0 days 01:07:12.797000,0.0
950,4,92.609,63,1,4.0,0.0,,,0 days 01:08:45.406000,47.605899258341125,0 days 01:08:45.406000,0.0
951,5,91.678,63,1,5.0,0.0,,,0 days 01:10:17.084000,57.250900173610916,0 days 01:10:17.084000,0.0
952,6,92.508,63,1,6.0,0.0,,,0 days 01:11:49.592000,77.7993688118829,0 days 01:11:49.592000,0.0
953,7,91.589,63,1,7.0,0.0,,,0 days 01:13:21.181000,88.05526263575831,0 days 01:13:21.181000,0.0
954,8,92.193,63,1,8.0,0.0,,,0 days 01:14:53.374000,69.51334847858823,0 days 01:14:53.374000,0.0
955,9,91.554,63,1,9.0,0.0,,,0 days 01:16:24.928000,78.85482699805165,0 days 01:16:24.928000,0.0
956,10,91.631,63,1,10.0,0.0,,,0 days 01:17:56.559000,80.23980371757489,0 days 01:17:56.559000,0.0
957,11,90.793,63,1,11.0,0.0,,,0 days 01:19:27.352000,154.99866785764192,0 days 01:19:27.352000,0.0
958,12,90.957,63,1,12.0,0.0,,,0 days 01:20:58.309000,131.09427371956394,0 days 01:20:58.309000,0.0
959,13,91.068,63,1,13.0,0.0,,,0 days 01:22:29.377000,133.09496510329518,0 days 01:22:29.377000,0.0
960,14,90.768,63,1,14.0,0.0,,,0 days 01:24:00.145000,133.7317662738498,0 days 01:24:00.145000,0.0
961,15,90.853,63,1,15.0,0.0,,,0 days 01:25:30.998000,120.5485652812763,0 days 01:25:30.998000,0.0
962,16,91.729,63,1,16.0,0.0,,,0 days 01:27:02.727000,111.15328371789792,0 days 01:27:02.727000,0.0
963,17,91.206,63,1,17.0,0.0,,,0 days 01:28:33.933000,121.28949493382851,0 days 01:28:33.933000,0.0
964,18,92.536,63,1,18.0,0.0,,,0 days 01:30:06.469000,85.36081424676166,0 days 01:30:06.469000,0.0
965,19,91.252,63,1,19.0,0.0,,,0 days 01:31:37.721000,111.7603592845324,0 days 01:31:37.721000,0.0
966,20,92.053,63,1,20.0,0.0,,,0 days 01:33:09.774000,126.81295173098057,0 days 01:33:09.774000,0.0
967,21,91.065,63,1,21.0,0.0,,,0 days 01:34:40.839000,117.68132247128706,0 days 01:34:40.839000,0.0
968,22,90.821,63,1,22.0,0.0,,,0 days 01:36:11.660000,165.44373342406584,0 days 01:36:11.660000,0.0
969,23,90.647,63,1,23.0,0.0,,,0 days 01:37:42.307000,140.4769596023688,0 days 01:37:42.307000,0.0
970,24,91.577,63,1,24.0,0.0,,,0 days 01:39:13.884000,115.77032865089448,0 days 01:39:13.884000,0.0
971,25,92.794,63,1,25.0,,,,0 days 01:40:46.678000,104.58188843523259,0 days 01:40:46.678000,0.0
974,2,93.319,7,1,2.0,0.0,,,0 days 01:05:37.025000,22.543794989773193,0 days 01:05:37.025000,0.0
975,3,91.945,7,1,3.0,0.0,,,0 days 01:07:08.970000,40.40789954337806,0 days 01:07:08.970000,0.0
976,4,92.23,7,1,4.0,0.0,,,0 days 01:08:41.200000,69.01211069805807,0 days 01:08:41.200000,0.0
977,5,91.984,7,1,5.0,0.0,,,0 days 01:10:13.184000,59.481758451094414,0 days 01:10:13.184000,0.0
978,6,91.868,7,1,6.0,0.0,,,0 days 01:11:45.052000,43.220219835339606,0 days 01:11:45.052000,0.0
979,7,91.35,7,1,7.0,0.0,,,0 days 01:13:16.402000,50.48498010887795,0 days 01:13:16.402000,0.0
980,8,91.42,7,1,8.0,0.0,,,0 days 01:14:47.822000,69.85261768182491,0 days 01:14:47.822000,0.0
981,9,91.363,7,1,9.0,0.0,,,0 days 01:16:19.185000,92.9381862540056,0 days 01:16:19.185000,0.0
982,10,90.74,7,1,10.0,0.0,,,0 days 01:17:49.925000,92.32035949775606,0 days 01:17:49.925000,0.0
983,11,90.931,7,1,11.0,0.0,,,0 days 01:19:20.856000,87.54889902166192,0 days 01:19:20.856000,0.0
984,12,90.807,7,1,12.0,0.0,,,0 days 01:20:51.663000,83.89639256690246,0 days 01:20:51.663000,0.0
985,13,91.086,7,1,13.0,0.0,,,0 days 01:22:22.749000,107.75864775265401,0 days 01:22:22.749000,0.0
986,14,90.753,7,1,14.0,0.0,,,0 days 01:23:53.502000,125.30676083754022,0 days 01:23:53.502000,0.0
987,15,90.604,7,1,15.0,0.0,,,0 days 01:25:24.106000,140.76182011082958,0 days 01:25:24.106000,0.0
988,16,90.478,7,1,16.0,0.0,,,0 days 01:26:54.584000,133.74831766917055,0 days 01:26:54.584000,0.0
989,17,90.312,7,1,17.0,0.0,,,0 days 01:28:24.896000,121.86644813885269,0 days 01:28:24.896000,0.0
990,18,90.426,7,1,18.0,0.0,,,0 days 01:29:55.322000,82.61292084377453,0 days 01:29:55.322000,0.0
991,19,90.68,7,1,19.0,0.0,,,0 days 01:31:26.002000,112.84642326388648,0 days 01:31:26.002000,0.0
992,20,91.11,7,1,20.0,0.0,,,0 days 01:32:57.112000,94.1691201397543,0 days 01:32:57.112000,0.0
993,21,92.88199999999999,7,1,21.0,0.0,0 days 01:34:29.994000,,0 days 01:34:31.063000,73.7570113788508,0 days 01:34:31.063000,0.011378271652244256
994,22,89.371,7,2,1.0,0.0,,0 days 01:34:52.414000,0 days 01:36:21.785000,181.2929631542686,0 days 01:36:21.785000,0.19283430573869687
995,23,89.698,7,2,2.0,0.0,,,0 days 01:37:51.483000,231.77508155270732,0 days 01:37:51.483000,0.0
996,24,91.307,7,2,3.0,0.0,,,0 days 01:39:22.790000,284.0656155583793,0 days 01:39:22.790000,0.0
997,25,141.865,7,2,4.0,,0 days 01:41:44.655000,,0 days 01:41:45.707000,1374.1516483528965,0 days 01:41:45.707000,0.007360915776289735
