,Minisector,Lap,Compound,TyreLife,Speed,Distance,Piting,TrackStatus,Driver,LapTime,Speed-1
0,1,2,1,2.0,258.7307692307692,6574.223333333337,0.0,0.0,3,84.745,258.7307692307692
1,1,2,1,2.0,259.1923076923077,6571.860000000004,0.0,0.0,6,84.318,258.7307692307692
2,1,2,0,2.0,261.2692307692308,6573.7947222222265,0.0,0.0,0,83.68,258.7307692307692
3,1,2,0,2.0,258.75,6578.476666666671,0.0,0.0,1,83.266,258.7307692307692
4,1,2,0,2.0,259.35714285714283,6580.117500000004,0.0,0.0,2,84.253,258.7307692307692
5,1,2,0,2.0,258.0,6580.06666666667,0.0,0.0,4,84.115,258.7307692307692
6,1,2,0,2.0,256.55555555555554,6575.999444444448,0.0,0.0,5,83.367,258.7307692307692
7,1,2,0,2.0,259.85185185185185,6581.497777777782,0.0,0.0,7,83.88,258.7307692307692
8,1,2,0,2.0,259.81481481481484,6581.011666666671,0.0,0.0,8,83.993,258.7307692307692
9,1,2,0,2.0,257.0357142857143,6580.713888888893,0.0,0.0,9,85.046,258.7307692307692
10,2,2,1,2.0,218.11290322580646,7003.208333333338,0.0,0.0,3,84.745,258.7307692307692
11,2,2,1,2.0,219.86885245901638,6996.366944444449,0.0,0.0,6,84.318,259.1923076923077
12,2,2,0,2.0,221.15,7005.00805555556,0.0,0.0,0,83.68,261.2692307692308
13,2,2,0,2.0,221.72881355932202,6998.07305555556,0.0,0.0,1,83.266,258.75
14,2,2,0,2.0,219.4915254237288,6991.926944444449,0.0,0.0,2,84.253,259.35714285714283
15,2,2,0,2.0,218.7704918032787,7006.349722222227,0.0,0.0,4,84.115,258.0
16,2,2,0,2.0,222.28333333333333,7000.506944444449,0.0,0.0,5,83.367,256.55555555555554
17,2,2,0,2.0,219.80327868852459,7005.978888888893,0.0,0.0,7,83.88,259.85185185185185
18,2,2,0,2.0,219.7,7005.790277777782,0.0,0.0,8,83.993,259.81481481481484
19,2,2,0,2.0,216.47540983606558,7004.771111111115,0.0,0.0,9,85.046,257.0357142857143
20,3,2,1,2.0,269.2448979591837,7424.956944444449,0.0,0.0,3,84.745,218.11290322580646
21,3,2,1,2.0,268.26,7428.435277777782,0.0,0.0,6,84.318,219.86885245901638
22,3,2,0,2.0,271.42857142857144,7419.840833333337,0.0,0.0,0,83.68,221.15
23,3,2,0,2.0,270.88,7426.685000000005,0.0,0.0,1,83.266,221.72881355932202
24,3,2,0,2.0,268.26,7423.63555555556,0.0,0.0,2,84.253,219.4915254237288
25,3,2,0,2.0,267.36,7430.011666666671,0.0,0.0,4,84.115,218.7704918032787
26,3,2,0,2.0,269.3469387755102,7420.885000000004,0.0,0.0,5,83.367,222.28333333333333
27,3,2,0,2.0,269.18367346938777,7421.7386111111155,0.0,0.0,7,83.88,219.80327868852459
28,3,2,0,2.0,269.51020408163265,7422.062222222226,0.0,0.0,8,83.993,219.7
29,3,2,0,2.0,267.38775510204084,7426.547500000004,0.0,0.0,9,85.046,216.47540983606558
30,4,2,1,2.0,202.45454545454547,7855.3461111111155,0.0,0.0,3,84.745,269.2448979591837
31,4,2,1,2.0,202.9848484848485,7855.366111111115,0.0,0.0,6,84.318,268.26
32,4,2,0,2.0,207.30769230769232,7851.893611111115,0.0,0.0,0,83.68,271.42857142857144
33,4,2,0,2.0,210.0793650793651,7853.336388888893,0.0,0.0,1,83.266,270.88
34,4,2,0,2.0,207.25,7848.968055555561,0.0,0.0,2,84.253,268.26
35,4,2,0,2.0,202.57575757575756,7852.636666666671,0.0,0.0,4,84.115,267.36
36,4,2,0,2.0,212.6984126984127,7850.924722222226,0.0,0.0,5,83.367,269.3469387755102
37,4,2,0,2.0,204.07575757575756,7855.657222222228,0.0,0.0,7,83.88,269.18367346938777
38,4,2,0,2.0,206.23076923076923,7851.010000000004,0.0,0.0,8,83.993,269.51020408163265
39,4,2,0,2.0,206.3230769230769,7854.109722222226,0.0,0.0,9,85.046,267.38775510204084
40,5,2,1,2.0,239.27272727272728,8267.572222222227,0.0,0.0,3,84.745,202.45454545454547
41,5,2,1,2.0,238.52727272727273,8276.318333333338,0.0,0.0,6,84.318,202.9848484848485
42,5,2,0,2.0,240.12727272727273,8273.586111111115,0.0,0.0,0,83.68,207.30769230769232
43,5,2,0,2.0,241.12727272727273,8274.633611111116,0.0,0.0,1,83.266,210.0793650793651
44,5,2,0,2.0,239.89285714285714,8276.317222222227,0.0,0.0,2,84.253,207.25
45,5,2,0,2.0,239.87272727272727,8271.176944444447,0.0,0.0,4,84.115,202.57575757575756
46,5,2,0,2.0,236.23214285714286,8272.31194444445,0.0,0.0,5,83.367,212.6984126984127
47,5,2,0,2.0,240.1090909090909,8275.758611111116,0.0,0.0,7,83.88,204.07575757575756
48,5,2,0,2.0,238.83636363636364,8272.196111111114,0.0,0.0,8,83.993,206.23076923076923
49,5,2,0,2.0,238.17857142857142,8278.103055555559,0.0,0.0,9,85.046,206.3230769230769
50,6,2,1,2.0,311.4318181818182,8703.199166666673,0.0,0.0,3,84.745,239.27272727272728
51,6,2,1,2.0,308.7142857142857,8689.500833333337,0.0,0.0,6,84.318,238.52727272727273
52,6,2,0,2.0,313.6046511627907,8701.948611111115,0.0,0.0,0,83.68,240.12727272727273
53,6,2,0,2.0,310.1190476190476,8689.544722222228,0.0,0.0,1,83.266,241.12727272727273
54,6,2,0,2.0,309.51162790697674,8704.534722222228,0.0,0.0,2,84.253,239.89285714285714
55,6,2,0,2.0,312.7142857142857,8691.345277777782,0.0,0.0,4,84.115,239.87272727272727
56,6,2,0,2.0,309.6363636363636,8702.272777777784,0.0,0.0,5,83.367,236.23214285714286
57,6,2,0,2.0,311.4651162790698,8701.586666666672,0.0,0.0,7,83.88,240.1090909090909
58,6,2,0,2.0,310.72093023255815,8698.39777777778,0.0,0.0,8,83.993,238.83636363636364
59,6,2,0,2.0,309.5,8687.257500000005,0.0,0.0,9,85.046,238.17857142857142
60,7,2,1,2.0,160.20731707317074,9124.915277777782,0.0,0.0,3,84.745,311.4318181818182
61,7,2,1,2.0,166.1341463414634,9125.133333333337,0.0,0.0,6,84.318,308.7142857142857
62,7,2,0,2.0,163.73170731707316,9127.803055555556,0.0,0.0,0,83.68,313.6046511627907
63,7,2,0,2.0,166.4878048780488,9128.783611111117,0.0,0.0,1,83.266,310.1190476190476
64,7,2,0,2.0,163.49382716049382,9123.33055555556,0.0,0.0,2,84.253,309.51162790697674
65,7,2,0,2.0,165.46341463414635,9123.12666666667,0.0,0.0,4,84.115,312.7142857142857
66,7,2,0,2.0,168.25316455696202,9128.000833333339,0.0,0.0,5,83.367,309.6363636363636
67,7,2,0,2.0,163.80246913580248,9123.097222222228,0.0,0.0,7,83.88,311.4651162790698
68,7,2,0,2.0,164.59756097560975,9124.924722222226,0.0,0.0,8,83.993,310.72093023255815
69,7,2,0,2.0,165.609756097561,9124.020555555562,0.0,0.0,9,85.046,309.5
70,8,2,1,2.0,251.22641509433961,9553.469722222228,0.0,0.0,3,84.745,160.20731707317074
71,8,2,1,2.0,253.25,9544.12416666667,0.0,0.0,6,84.318,166.1341463414634
72,8,2,0,2.0,253.3846153846154,9548.671111111107,0.0,0.0,0,83.68,163.73170731707316
73,8,2,0,2.0,255.42307692307693,9548.836944444452,0.0,0.0,1,83.266,166.4878048780488
74,8,2,0,2.0,250.58490566037736,9548.180277777781,0.0,0.0,2,84.253,163.49382716049382
75,8,2,0,2.0,255.28846153846155,9547.295000000004,0.0,0.0,4,84.115,165.46341463414635
76,8,2,0,2.0,250.33962264150944,9545.444166666672,0.0,0.0,5,83.367,168.25316455696202
77,8,2,0,2.0,254.03773584905662,9552.98083333334,0.0,0.0,7,83.88,163.80246913580248
78,8,2,0,2.0,251.8653846153846,9543.024166666672,0.0,0.0,8,83.993,164.59756097560975
79,8,2,0,2.0,250.54716981132074,9550.15972222223,0.0,0.0,9,85.046,165.609756097561
80,9,2,1,2.0,299.46666666666664,9976.741388888893,0.0,0.0,3,84.745,251.22641509433961
81,9,2,1,2.0,294.4782608695652,9977.043611111114,0.0,0.0,6,84.318,253.25
82,9,2,0,2.0,303.02272727272725,9969.995555555553,0.0,0.0,0,83.68,253.3846153846154
83,9,2,0,2.0,304.6363636363636,9974.870555555564,0.0,0.0,1,83.266,255.42307692307693
84,9,2,0,2.0,298.90909090909093,9968.378055555559,0.0,0.0,2,84.253,250.58490566037736
85,9,2,0,2.0,301.6136363636364,9973.11416666667,0.0,0.0,4,84.115,255.28846153846155
86,9,2,0,2.0,304.1818181818182,9972.448611111115,0.0,0.0,5,83.367,250.33962264150944
87,9,2,0,2.0,303.7906976744186,9977.417777777784,0.0,0.0,7,83.88,254.03773584905662
88,9,2,0,2.0,306.1363636363636,9971.837222222226,0.0,0.0,8,83.993,251.8653846153846
89,9,2,0,2.0,301.22222222222223,9977.224444444453,0.0,0.0,9,85.046,250.54716981132074
90,10,2,1,2.0,211.20967741935485,10399.433611111115,0.0,0.0,3,84.745,299.46666666666664
91,10,2,1,2.0,213.1639344262295,10393.873611111116,0.0,0.0,6,84.318,294.4782608695652
92,10,2,0,2.0,217.40983606557376,10392.07583333333,0.0,0.0,0,83.68,303.02272727272725
93,10,2,0,2.0,218.63934426229508,10401.519166666674,0.0,0.0,1,83.266,304.6363636363636
94,10,2,0,2.0,215.53968253968253,10401.563333333337,0.0,0.0,2,84.253,298.90909090909093
95,10,2,0,2.0,216.46774193548387,10401.618611111116,0.0,0.0,4,84.115,301.6136363636364
96,10,2,0,2.0,216.50819672131146,10394.777777777781,0.0,0.0,5,83.367,304.1818181818182
97,10,2,0,2.0,217.75,10387.60333333334,0.0,0.0,7,83.88,303.7906976744186
98,10,2,0,2.0,218.63934426229508,10394.114722222226,0.0,0.0,8,83.993,306.1363636363636
99,10,2,0,2.0,212.12698412698413,10400.933888888898,0.0,0.0,9,85.046,301.22222222222223
100,11,2,1,2.0,183.986301369863,10825.848888888895,0.0,0.0,3,84.745,211.20967741935485
101,11,2,1,2.0,183.95945945945945,10827.015555555561,0.0,0.0,6,84.318,213.1639344262295
102,11,2,0,2.0,184.67123287671234,10827.802777777777,0.0,0.0,0,83.68,217.40983606557376
103,11,2,0,2.0,187.81690140845072,10825.052222222235,0.0,0.0,1,83.266,218.63934426229508
104,11,2,0,2.0,184.52777777777777,10825.684444444447,0.0,0.0,2,84.253,215.53968253968253
105,11,2,0,2.0,181.36486486486487,10827.567500000001,0.0,0.0,4,84.115,216.46774193548387
106,11,2,0,2.0,189.7605633802817,10823.769722222223,0.0,0.0,5,83.367,216.50819672131146
107,11,2,0,2.0,187.34246575342465,10825.022777777787,0.0,0.0,7,83.88,217.75
108,11,2,0,2.0,187.13888888888889,10827.430833333337,0.0,0.0,8,83.993,218.63934426229508
109,11,2,0,2.0,182.36986301369862,10828.020277777785,0.0,0.0,9,85.046,212.12698412698413
110,12,2,1,2.0,201.1076923076923,11242.408888888895,0.0,0.0,3,84.745,183.986301369863
111,12,2,1,2.0,205.27692307692308,11251.23611111111,0.0,0.0,6,84.318,183.95945945945945
112,12,2,0,2.0,206.46875,11248.17138888889,0.0,0.0,0,83.68,184.67123287671234
113,12,2,0,2.0,204.5076923076923,11249.216944444453,0.0,0.0,1,83.266,187.81690140845072
114,12,2,0,2.0,201.3030303030303,11245.999722222226,0.0,0.0,2,84.253,184.52777777777777
115,12,2,0,2.0,208.203125,11251.545277777783,0.0,0.0,4,84.115,181.36486486486487
116,12,2,0,2.0,205.35384615384615,11247.486944444447,0.0,0.0,5,83.367,189.7605633802817
117,12,2,0,2.0,202.875,11244.160000000013,0.0,0.0,7,83.88,187.34246575342465
118,12,2,0,2.0,201.1076923076923,11244.023888888893,0.0,0.0,8,83.993,187.13888888888889
119,12,2,0,2.0,196.6417910447761,11247.135000000006,0.0,0.0,9,85.046,182.36986301369862
120,13,2,1,2.0,190.98275862068965,11594.051388888895,0.0,0.0,3,84.745,201.1076923076923
121,13,2,1,2.0,192.43859649122808,11590.887777777778,0.0,0.0,6,84.318,205.27692307692308
122,13,2,0,2.0,186.76785714285714,11584.957222222223,0.0,0.0,0,83.68,206.46875
123,13,2,0,2.0,190.73684210526315,11590.871944444454,0.0,0.0,1,83.266,204.5076923076923
124,13,2,0,2.0,191.74137931034483,11596.915277777778,0.0,0.0,2,84.253,201.3030303030303
125,13,2,0,2.0,190.78181818181818,11588.851388888896,0.0,0.0,4,84.115,208.203125
126,13,2,0,2.0,193.55172413793105,11599.794444444447,0.0,0.0,5,83.367,205.35384615384615
127,13,2,0,2.0,190.01724137931035,11593.43555555557,0.0,0.0,7,83.88,202.875
128,13,2,0,2.0,189.17241379310346,11596.343055555557,0.0,0.0,8,83.993,201.1076923076923
129,13,2,0,2.0,192.10169491525423,11609.214722222227,0.0,0.0,9,85.046,196.6417910447761
130,1,3,1,3.0,251.85714285714286,12947.949166666675,0.0,0.0,3,138.312,190.98275862068965
131,1,3,1,3.0,241.78571428571428,12946.162777777785,0.0,0.0,6,149.145,192.43859649122808
132,1,3,0,3.0,248.82142857142858,12942.413055555564,0.0,0.0,0,139.228,186.76785714285714
133,1,3,0,3.0,248.22222222222223,12938.48222222223,0.0,0.0,4,123.167,190.78181818181818
134,1,3,0,3.0,246.42857142857142,12941.719166666675,0.0,0.0,8,133.955,189.17241379310346
135,1,3,0,3.0,249.46428571428572,12947.69583333334,0.0,0.0,9,128.88,192.10169491525423
136,2,3,1,3.0,137.8125,13375.241388888897,0.0,0.0,3,138.312,251.85714285714286
137,2,3,1,3.0,163.76543209876544,13374.662500000008,0.0,0.0,6,149.145,241.78571428571428
138,2,3,0,3.0,139.80208333333334,13374.266944444453,0.0,0.0,0,139.228,248.82142857142858
139,2,3,0,3.0,165.9878048780488,13371.226666666675,0.0,0.0,4,123.167,248.22222222222223
140,2,3,0,3.0,152.8068181818182,13370.59222222223,0.0,0.0,8,133.955,246.42857142857142
141,2,3,0,3.0,152.125,13375.86361111112,0.0,0.0,9,128.88,249.46428571428572
142,3,3,1,3.0,127.9326923076923,13799.081944444453,0.0,0.0,3,138.312,137.8125
143,3,3,1,3.0,136.62244897959184,13799.28611111112,0.0,0.0,6,149.145,163.76543209876544
144,3,3,0,3.0,131.83,13795.605000000009,0.0,0.0,0,139.228,139.80208333333334
145,3,3,0,3.0,166.45679012345678,13796.716111111118,0.0,0.0,4,123.167,165.9878048780488
146,3,3,0,3.0,166.9375,13797.363888888898,0.0,0.0,8,133.955,152.8068181818182
147,3,3,0,3.0,178.02702702702703,13796.055277777785,0.0,0.0,9,128.88,152.125
148,4,3,1,3.0,106.984,14224.96611111112,0.0,0.0,3,138.312,127.9326923076923
149,4,3,1,3.0,84.42405063291139,14223.99583333334,0.0,0.0,6,149.145,136.62244897959184
150,4,3,0,3.0,110.04098360655738,14224.285000000009,0.0,0.0,0,139.228,131.83
151,4,3,0,3.0,150.0,14225.24361111112,0.0,0.0,4,123.167,166.45679012345678
152,4,3,0,3.0,120.38738738738739,14224.935555555563,0.0,0.0,8,133.955,166.9375
153,4,3,0,3.0,148.06666666666666,14220.345833333342,0.0,0.0,9,128.88,178.02702702702703
154,5,3,1,3.0,143.45652173913044,14645.907777777786,0.0,0.0,3,138.312,106.984
155,5,3,1,3.0,125.79245283018868,14648.486944444452,0.0,0.0,6,149.145,84.42405063291139
156,5,3,0,3.0,132.4950495049505,14647.909166666675,0.0,0.0,0,139.228,110.04098360655738
157,5,3,0,3.0,123.72222222222223,14647.976388888897,0.0,0.0,4,123.167,150.0
158,5,3,0,3.0,137.5,14649.340277777786,0.0,0.0,8,133.955,120.38738738738739
159,5,3,0,3.0,193.42028985507247,14643.160277777786,0.0,0.0,9,128.88,148.06666666666666
160,6,3,1,3.0,168.7594936708861,15073.975833333341,0.0,0.0,3,138.312,143.45652173913044
161,6,3,1,3.0,120.7090909090909,15074.252222222229,0.0,0.0,6,149.145,125.79245283018868
162,6,3,0,3.0,159.0120481927711,15070.41861111112,0.0,0.0,0,139.228,132.4950495049505
163,6,3,0,3.0,214.05,15066.003333333341,0.0,0.0,4,123.167,123.72222222222223
164,6,3,0,3.0,185.63888888888889,15069.343611111119,0.0,0.0,8,133.955,137.5
165,6,3,0,3.0,242.83636363636364,15071.594166666673,0.0,0.0,9,128.88,193.42028985507247
166,7,3,1,3.0,104.08527131782945,15496.969166666675,0.0,0.0,3,138.312,168.7594936708861
167,7,3,1,3.0,92.60689655172413,15498.256388888894,0.0,0.0,6,149.145,120.7090909090909
168,7,3,0,3.0,110.55371900826447,15494.335833333344,0.0,0.0,0,139.228,159.0120481927711
169,7,3,0,3.0,102.52671755725191,15497.38500000001,0.0,0.0,4,123.167,214.05
170,7,3,0,3.0,111.92436974789916,15495.54472222223,0.0,0.0,8,133.955,185.63888888888889
171,7,3,0,3.0,101.64615384615385,15494.123055555563,0.0,0.0,9,128.88,242.83636363636364
172,8,3,1,3.0,163.34567901234567,15921.179444444453,0.0,0.0,3,138.312,104.08527131782945
173,8,3,1,3.0,175.42666666666668,15916.63194444445,0.0,0.0,6,149.145,92.60689655172413
174,8,3,0,3.0,166.5125,15919.973333333342,0.0,0.0,0,139.228,110.55371900826447
175,8,3,0,3.0,168.4805194805195,15919.6488888889,0.0,0.0,4,123.167,102.52671755725191
176,8,3,0,3.0,156.78823529411764,15921.738888888896,0.0,0.0,8,133.955,111.92436974789916
177,8,3,0,3.0,182.4794520547945,15915.772222222231,0.0,0.0,9,128.88,101.64615384615385
178,9,3,1,3.0,134.62626262626262,16348.347777777784,0.0,0.0,3,138.312,163.34567901234567
179,9,3,1,3.0,131.51960784313727,16346.40805555556,0.0,0.0,6,149.145,175.42666666666668
180,9,3,0,3.0,194.52173913043478,16347.286666666674,0.0,0.0,0,139.228,166.5125
181,9,3,0,3.0,185.09859154929578,16347.2313888889,0.0,0.0,4,123.167,168.4805194805195
182,9,3,0,3.0,174.3896103896104,16346.167500000009,0.0,0.0,8,133.955,156.78823529411764
183,9,3,0,3.0,211.93650793650792,16343.067500000008,0.0,0.0,9,128.88,182.4794520547945
184,10,3,1,3.0,143.90322580645162,16771.607500000006,0.0,0.0,3,138.312,134.62626262626262
185,10,3,1,3.0,143.86021505376345,16770.108333333337,0.0,0.0,6,149.145,131.51960784313727
186,10,3,0,3.0,129.06796116504853,16770.851111111122,0.0,0.0,0,139.228,194.52173913043478
187,10,3,0,3.0,130.88118811881188,16771.644166666672,0.0,0.0,4,123.167,185.09859154929578
188,10,3,0,3.0,131.8019801980198,16772.4913888889,0.0,0.0,8,133.955,174.3896103896104
189,10,3,0,3.0,140.50526315789475,16770.917777777788,0.0,0.0,9,128.88,211.93650793650792
190,11,3,1,3.0,120.8,17195.24222222223,0.0,0.0,3,138.312,143.90322580645162
191,11,3,1,3.0,111.03361344537815,17194.56138888889,0.0,0.0,6,149.145,143.86021505376345
192,11,3,0,3.0,99.13432835820896,17195.603055555566,0.0,0.0,0,139.228,129.06796116504853
193,11,3,0,3.0,139.1505376344086,17197.26444444445,0.0,0.0,4,123.167,130.88118811881188
194,11,3,0,3.0,111.75630252100841,17197.548611111117,0.0,0.0,8,133.955,131.8019801980198
195,11,3,0,3.0,123.4074074074074,17191.631944444453,0.0,0.0,9,128.88,140.50526315789475
196,12,3,1,3.0,126.19811320754717,17622.227777777785,0.0,0.0,3,138.312,120.8
197,12,3,1,3.0,110.95798319327731,17612.984444444446,0.0,0.0,6,149.145,111.03361344537815
198,12,3,0,3.0,130.61764705882354,17617.73361111112,0.0,0.0,0,139.228,99.13432835820896
199,12,3,0,3.0,155.98823529411766,17622.398333333338,0.0,0.0,4,123.167,139.1505376344086
200,12,3,0,3.0,123.88785046728972,17616.527777777785,0.0,0.0,8,133.955,111.75630252100841
201,12,3,0,3.0,111.3,17619.15722222223,0.0,0.0,9,128.88,123.4074074074074
202,13,3,1,3.0,162.54545454545453,17958.087500000012,0.0,0.0,3,138.312,126.19811320754717
203,13,3,1,3.0,158.4179104477612,17948.869722222225,0.0,0.0,6,149.145,110.95798319327731
204,13,3,0,1.0,77.9090909090909,17936.865555555556,1.0,0.0,1,113.707,190.73684210526315
205,13,3,0,1.0,79.9,17926.403055555576,1.0,0.0,2,117.247,191.74137931034483
206,13,3,0,1.0,77.9090909090909,17925.98611111112,1.0,0.0,5,108.165,193.55172413793105
207,13,3,0,3.0,135.33766233766235,17950.621944444458,0.0,0.0,0,139.228,130.61764705882354
208,13,3,0,3.0,165.2622950819672,17949.172500000008,0.0,0.0,4,123.167,155.98823529411766
209,13,3,0,3.0,122.66666666666667,17955.55583333334,0.0,0.0,8,133.955,123.88785046728972
210,13,3,0,3.0,79.90076335877863,17955.120277777787,0.0,0.0,9,128.88,111.3
211,1,4,1,4.0,258.53846153846155,19313.579166666677,0.0,0.0,3,84.335,162.54545454545453
212,1,4,0,4.0,191.61111111111111,19314.8438888889,0.0,0.0,0,116.772,135.33766233766235
213,1,4,0,4.0,257.6923076923077,19320.2438888889,0.0,0.0,4,83.829,165.2622950819672
214,1,4,0,4.0,260.4074074074074,19317.63166666668,0.0,0.0,7,83.553,190.01724137931035
215,1,4,0,4.0,165.73170731707316,19318.576944444456,0.0,0.0,8,131.523,122.66666666666667
216,1,4,0,4.0,232.96666666666667,19313.06861111112,0.0,0.0,9,112.189,79.90076335877863
217,1,4,0,5.0,47.01398601398601,19320.336944444454,1.0,0.0,2,138.668,79.9
218,2,4,1,4.0,217.82258064516128,19742.863055555565,0.0,0.0,3,84.335,258.53846153846155
219,2,4,0,4.0,155.2325581395349,19743.350833333345,0.0,0.0,0,116.772,191.61111111111111
220,2,4,0,4.0,220.72413793103448,19742.3663888889,0.0,0.0,4,83.829,257.6923076923077
221,2,4,0,4.0,222.15254237288136,19734.559722222235,0.0,0.0,7,83.553,260.4074074074074
222,2,4,0,4.0,133.69,19741.699166666676,0.0,0.0,8,131.523,165.73170731707316
223,2,4,0,4.0,172.56410256410257,19742.229722222233,0.0,0.0,9,112.189,232.96666666666667
224,2,4,0,5.0,80.0,19443.870277777787,1.0,0.0,2,138.668,47.01398601398601
225,3,4,1,4.0,269.1020408163265,20162.935000000012,0.0,0.0,3,84.335,217.82258064516128
226,3,4,0,4.0,169.57692307692307,20163.9488888889,0.0,0.0,0,116.772,155.2325581395349
227,3,4,0,4.0,268.0612244897959,20168.414444444454,0.0,0.0,4,83.829,220.72413793103448
228,3,4,0,4.0,269.3958333333333,20166.3163888889,0.0,0.0,7,83.553,222.15254237288136
229,3,4,0,4.0,146.54945054945054,20170.008611111123,0.0,0.0,8,131.523,133.69
230,3,4,0,4.0,207.328125,20162.42111111112,0.0,0.0,9,112.189,172.56410256410257
231,4,4,1,4.0,201.82089552238807,20594.16000000001,0.0,0.0,3,84.335,269.1020408163265
232,4,4,0,4.0,135.53535353535352,20594.126666666678,0.0,0.0,0,116.772,169.57692307692307
233,4,4,0,4.0,206.0,20591.51000000001,0.0,0.0,4,83.829,268.0612244897959
234,4,4,0,4.0,198.63636363636363,20593.630833333344,0.0,0.0,7,83.553,269.3958333333333
235,4,4,0,4.0,125.40566037735849,20591.12000000001,0.0,0.0,8,131.523,146.54945054945054
236,4,4,0,4.0,168.9125,20593.875555555565,0.0,0.0,9,112.189,207.328125
237,5,4,1,4.0,242.38888888888889,21014.237777777787,0.0,0.0,3,84.335,201.82089552238807
238,5,4,0,4.0,171.88311688311688,21017.07666666668,0.0,0.0,0,116.772,135.53535353535352
239,5,4,0,4.0,241.0,21013.664166666676,0.0,0.0,4,83.829,206.0
240,5,4,0,4.0,246.98076923076923,21007.993888888897,0.0,0.0,7,83.553,198.63636363636363
241,5,4,0,4.0,132.86138613861385,21019.298333333343,0.0,0.0,8,131.523,125.40566037735849
242,5,4,0,4.0,168.39743589743588,21013.238611111123,0.0,0.0,9,112.189,168.9125
243,6,4,1,4.0,311.0232558139535,21439.443333333344,0.0,0.0,3,84.335,242.38888888888889
244,6,4,0,4.0,196.27941176470588,21442.698055555567,0.0,0.0,0,116.772,171.88311688311688
245,6,4,0,4.0,310.0,21442.675833333346,0.0,0.0,4,83.829,241.0
246,6,4,0,4.0,312.1190476190476,21441.548055555566,0.0,0.0,7,83.553,246.98076923076923
247,6,4,0,4.0,215.9344262295082,21437.4613888889,0.0,0.0,8,131.523,132.86138613861385
248,6,4,0,4.0,224.40677966101694,21437.275555555567,0.0,0.0,9,112.189,168.39743589743588
249,7,4,1,4.0,163.30864197530863,21859.623888888902,0.0,0.0,3,84.335,311.0232558139535
250,7,4,0,4.0,125.06542056074767,21867.645555555566,0.0,0.0,0,116.772,196.27941176470588
251,7,4,0,4.0,161.2375,21865.682777777787,0.0,0.0,4,83.829,310.0
252,7,4,0,4.0,164.4125,21862.622500000012,0.0,0.0,7,83.553,312.1190476190476
253,7,4,0,4.0,123.47222222222223,21865.70277777779,0.0,0.0,8,131.523,215.9344262295082
254,7,4,0,4.0,129.85576923076923,21865.83000000001,0.0,0.0,9,112.189,224.40677966101694
255,8,4,1,4.0,254.49056603773585,22290.723333333346,0.0,0.0,3,84.335,163.30864197530863
256,8,4,0,4.0,185.77142857142857,22286.515277777788,0.0,0.0,0,116.772,125.06542056074767
257,8,4,0,4.0,256.28,22281.684166666677,0.0,0.0,4,83.829,161.2375
258,8,4,0,4.0,261.36,22285.392500000013,0.0,0.0,7,83.553,164.4125
259,8,4,0,4.0,162.6341463414634,22292.32777777779,0.0,0.0,8,131.523,123.47222222222223
260,8,4,0,4.0,199.8030303030303,22288.030277777787,0.0,0.0,9,112.189,129.85576923076923
261,9,4,1,4.0,297.3636363636364,22714.53555555557,0.0,0.0,3,84.335,254.49056603773585
262,9,4,0,4.0,232.0344827586207,22711.429166666676,0.0,0.0,0,116.772,185.77142857142857
263,9,4,0,4.0,299.8,22716.768888888902,0.0,0.0,4,83.829,256.28
264,9,4,0,4.0,301.2142857142857,22710.040833333347,0.0,0.0,7,83.553,261.36
265,9,4,0,4.0,128.47115384615384,22716.61000000001,0.0,0.0,8,131.523,162.6341463414634
266,9,4,0,4.0,197.02941176470588,22717.51222222223,0.0,0.0,9,112.189,199.8030303030303
267,10,4,1,4.0,217.27868852459017,23142.221944444456,0.0,0.0,3,84.335,297.3636363636364
268,10,4,0,4.0,154.8735632183908,23141.865833333344,0.0,0.0,0,116.772,232.0344827586207
269,10,4,0,4.0,219.17241379310346,23129.7038888889,0.0,0.0,4,83.829,299.8
270,10,4,0,4.0,223.01694915254237,23137.58027777779,0.0,0.0,7,83.553,301.2142857142857
271,10,4,0,4.0,137.90625,23136.24861111112,0.0,0.0,8,131.523,128.47115384615384
272,10,4,0,4.0,144.78021978021977,23132.7163888889,0.0,0.0,9,112.189,197.02941176470588
273,11,4,1,4.0,182.0,23565.19694444446,0.0,0.0,3,84.335,217.27868852459017
274,11,4,0,4.0,129.80582524271844,23565.821944444455,0.0,0.0,0,116.772,154.8735632183908
275,11,4,0,4.0,181.0958904109589,23562.654166666678,0.0,0.0,4,83.829,219.17241379310346
276,11,4,0,4.0,182.29166666666666,23565.730277777788,0.0,0.0,7,83.553,223.01694915254237
277,11,4,0,4.0,128.4857142857143,23566.653055555566,0.0,0.0,8,131.523,137.90625
278,11,4,0,4.0,129.16504854368932,23562.73555555557,0.0,0.0,9,112.189,144.78021978021977
279,12,4,1,4.0,204.52307692307693,23985.761111111126,0.0,0.0,3,84.335,182.0
280,12,4,0,4.0,146.72222222222223,23987.268333333344,0.0,0.0,0,116.772,129.80582524271844
281,12,4,0,4.0,206.44444444444446,23989.17611111112,0.0,0.0,4,83.829,181.0958904109589
282,12,4,0,4.0,206.44262295081967,23984.504444444454,0.0,0.0,7,83.553,182.29166666666666
283,12,4,0,4.0,145.24175824175825,23991.21083333334,0.0,0.0,8,131.523,128.4857142857143
284,12,4,0,4.0,143.9784946236559,23988.80111111113,0.0,0.0,9,112.189,129.16504854368932
285,13,4,1,1.0,52.733333333333334,24295.09222222223,1.0,0.0,6,93.397,158.4179104477612
286,13,4,1,4.0,185.6551724137931,24326.220833333347,0.0,0.0,3,84.335,204.52307692307693
287,13,4,0,4.0,174.03333333333333,24319.351944444454,0.0,0.0,0,116.772,146.72222222222223
288,13,4,0,4.0,192.76785714285714,24336.28833333334,0.0,0.0,4,83.829,206.44444444444446
289,13,4,0,4.0,187.53703703703704,24324.321944444455,0.0,0.0,7,83.553,206.44262295081967
290,13,4,0,4.0,168.95,24322.037500000013,0.0,0.0,8,131.523,145.24175824175825
291,13,4,0,4.0,160.57575757575756,24324.898888888907,0.0,0.0,9,112.189,143.9784946236559
292,1,5,0,5.0,259.2962962962963,25687.403888888904,0.0,0.0,0,83.322,174.03333333333333
293,1,5,0,5.0,259.74074074074076,25686.812222222237,0.0,0.0,8,83.747,168.95
294,1,5,0,5.0,256.85185185185185,25683.772222222236,0.0,0.0,9,84.664,160.57575757575756
295,1,5,0,6.0,259.1923076923077,25678.70472222224,0.0,0.0,1,82.845,77.9090909090909
296,1,5,0,6.0,259.1111111111111,25689.404722222236,0.0,0.0,2,83.577,80.0
297,1,5,0,6.0,258.0,25689.181666666682,0.0,0.0,5,83.117,77.9090909090909
298,2,5,0,5.0,220.96610169491527,26114.266111111127,0.0,0.0,0,83.322,259.2962962962963
299,2,5,0,5.0,219.8,26101.992500000015,0.0,0.0,8,83.747,259.74074074074076
300,2,5,0,5.0,217.52459016393442,26101.47472222224,0.0,0.0,9,84.664,256.85185185185185
301,2,5,0,6.0,225.05,26108.778888888904,0.0,0.0,1,82.845,259.1923076923077
302,2,5,0,6.0,220.46666666666667,26106.08055555557,0.0,0.0,2,83.577,259.1111111111111
303,2,5,0,6.0,222.4406779661017,26109.478611111128,0.0,0.0,5,83.117,258.0
304,3,5,0,5.0,269.9387755102041,26534.37666666668,0.0,0.0,0,83.322,220.96610169491527
305,3,5,0,5.0,268.3673469387755,26530.95944444446,0.0,0.0,8,83.747,219.8
306,3,5,0,5.0,266.98,26531.117222222238,0.0,0.0,9,84.664,217.52459016393442
307,3,5,0,6.0,272.0,26534.996388888903,0.0,0.0,1,82.845,225.05
308,3,5,0,6.0,269.0816326530612,26530.51055555557,0.0,0.0,2,83.577,220.46666666666667
309,3,5,0,6.0,270.66,26539.150833333348,0.0,0.0,5,83.117,222.4406779661017
310,4,5,0,5.0,210.30645161290323,26958.69944444446,0.0,0.0,0,83.322,269.9387755102041
311,4,5,0,5.0,209.9206349206349,26962.77694444446,0.0,0.0,8,83.747,268.3673469387755
312,4,5,0,5.0,202.29850746268656,26963.77750000002,0.0,0.0,9,84.664,266.98
313,4,5,0,6.0,210.93650793650792,26959.12972222224,0.0,0.0,1,82.845,272.0
314,4,5,0,6.0,210.78125,26959.19444444446,0.0,0.0,2,83.577,269.0816326530612
315,4,5,0,6.0,208.77777777777777,26960.33527777779,0.0,0.0,5,83.117,270.66
316,5,5,0,5.0,239.0,27388.810000000016,0.0,0.0,0,83.322,210.30645161290323
317,5,5,0,5.0,238.2037037037037,27383.328888888904,0.0,0.0,8,83.747,209.9206349206349
318,5,5,0,5.0,243.88888888888889,27388.055000000015,0.0,0.0,9,84.664,202.29850746268656
319,5,5,0,6.0,243.1851851851852,27378.257777777795,0.0,0.0,1,82.845,210.93650793650792
320,5,5,0,6.0,238.56363636363636,27377.12194444446,0.0,0.0,2,83.577,210.78125
321,5,5,0,6.0,241.4181818181818,27384.113055555572,0.0,0.0,5,83.117,208.77777777777777
322,6,5,0,5.0,310.6666666666667,27813.29694444446,0.0,0.0,0,83.322,239.0
323,6,5,0,5.0,310.42857142857144,27807.683888888903,0.0,0.0,8,83.747,238.2037037037037
324,6,5,0,5.0,310.74418604651163,27810.94055555557,0.0,0.0,9,84.664,243.88888888888889
325,6,5,0,6.0,311.3488372093023,27808.828333333353,0.0,0.0,1,82.845,243.1851851851852
326,6,5,0,6.0,311.9767441860465,27813.579444444462,0.0,0.0,2,83.577,238.56363636363636
327,6,5,0,6.0,311.35714285714283,27811.087777777793,0.0,0.0,5,83.117,241.4181818181818
328,7,5,0,5.0,166.22784810126583,28237.268055555574,0.0,0.0,0,83.322,310.6666666666667
329,7,5,0,5.0,166.1125,28228.805555555573,0.0,0.0,8,83.747,310.42857142857144
330,7,5,0,5.0,161.7283950617284,28236.79583333335,0.0,0.0,9,84.664,310.74418604651163
331,7,5,0,6.0,165.75,28236.14861111113,0.0,0.0,1,82.845,311.3488372093023
332,7,5,0,6.0,163.45,28231.65555555557,0.0,0.0,2,83.577,311.9767441860465
333,7,5,0,6.0,164.06172839506172,28235.425000000014,0.0,0.0,5,83.117,311.35714285714283
334,8,5,0,5.0,251.6346153846154,28651.664166666684,0.0,0.0,0,83.322,166.22784810126583
335,8,5,0,5.0,250.57692307692307,28654.847500000014,0.0,0.0,8,83.747,166.1125
336,8,5,0,5.0,255.64705882352942,28662.82305555557,0.0,0.0,9,84.664,161.7283950617284
337,8,5,0,6.0,256.88461538461536,28662.930555555577,0.0,0.0,1,82.845,165.75
338,8,5,0,6.0,252.34615384615384,28659.985555555573,0.0,0.0,2,83.577,163.45
339,8,5,0,6.0,255.6153846153846,28655.576666666682,0.0,0.0,5,83.117,164.06172839506172
340,9,5,0,5.0,303.06976744186045,29078.78111111113,0.0,0.0,0,83.322,251.6346153846154
341,9,5,0,5.0,305.27906976744185,29083.85861111113,0.0,0.0,8,83.747,250.57692307692307
342,9,5,0,5.0,300.9318181818182,29087.536944444462,0.0,0.0,9,84.664,255.64705882352942
343,9,5,0,6.0,306.30232558139534,29084.228611111135,0.0,0.0,1,82.845,256.88461538461536
344,9,5,0,6.0,306.76190476190476,29081.119166666685,0.0,0.0,2,83.577,252.34615384615384
345,9,5,0,6.0,298.3777777777778,29087.492222222238,0.0,0.0,5,83.117,255.6153846153846
346,10,5,0,5.0,218.68333333333334,29506.60250000002,0.0,0.0,0,83.322,303.06976744186045
347,10,5,0,5.0,218.81034482758622,29496.722500000018,0.0,0.0,8,83.747,305.27906976744185
348,10,5,0,5.0,215.7,29511.510000000017,0.0,0.0,9,84.664,300.9318181818182
349,10,5,0,6.0,221.53333333333333,29501.933611111137,0.0,0.0,1,82.845,306.30232558139534
350,10,5,0,6.0,217.04918032786884,29510.61750000002,0.0,0.0,2,83.577,306.76190476190476
351,10,5,0,6.0,220.86885245901638,29512.065555555568,0.0,0.0,5,83.117,298.3777777777778
352,11,5,0,5.0,181.95833333333334,29933.377222222247,0.0,0.0,0,83.322,218.68333333333334
353,11,5,0,5.0,192.52857142857144,29930.55750000002,0.0,0.0,8,83.747,218.81034482758622
354,11,5,0,5.0,181.74647887323943,29935.12527777779,0.0,0.0,9,84.664,215.7
355,11,5,0,6.0,190.44285714285715,29931.23944444447,0.0,0.0,1,82.845,221.53333333333333
356,11,5,0,6.0,185.77142857142857,29929.931388888905,0.0,0.0,2,83.577,217.04918032786884
357,11,5,0,6.0,185.72857142857143,29936.43472222223,0.0,0.0,5,83.117,220.86885245901638
358,12,5,0,5.0,207.63492063492063,30357.231666666692,0.0,0.0,0,83.322,181.95833333333334
359,12,5,0,5.0,197.92424242424244,30357.0427777778,0.0,0.0,8,83.747,192.52857142857144
360,12,5,0,5.0,205.45454545454547,30360.376388888904,0.0,0.0,9,84.664,181.74647887323943
361,12,5,0,6.0,204.04615384615386,30351.22583333336,0.0,0.0,1,82.845,190.44285714285715
362,12,5,0,6.0,203.8,30350.600000000013,0.0,0.0,2,83.577,185.77142857142857
363,12,5,0,6.0,209.04761904761904,30352.036944444455,0.0,0.0,5,83.117,185.72857142857143
364,13,5,1,1.0,80.0,30645.650833333348,1.0,0.0,3,95.946,185.6551724137931
365,13,5,0,5.0,190.16981132075472,30692.265277777802,0.0,0.0,0,83.322,207.63492063492063
366,13,5,0,5.0,193.75,30714.23388888891,0.0,0.0,8,83.747,197.92424242424244
367,13,5,0,5.0,178.67796610169492,30701.62027777779,0.0,0.0,9,84.664,205.45454545454547
368,13,5,0,6.0,191.27586206896552,30701.491944444475,0.0,0.0,1,82.845,204.04615384615386
369,13,5,0,6.0,192.85714285714286,30702.846111111125,0.0,0.0,2,83.577,203.8
370,13,5,0,6.0,190.67857142857142,30694.44750000001,0.0,0.0,5,83.117,209.04761904761904
371,13,6,0,1.0,79.6,37024.841111111135,1.0,0.0,0,105.108,190.16981132075472
372,13,6,0,1.0,79.9,37033.15138888891,1.0,0.0,8,110.903,193.75
373,13,6,0,1.0,70.27272727272727,37019.160000000025,1.0,0.0,9,114.326,178.67796610169492
374,13,6,0,4.0,59.5,37045.316111111126,1.0,0.0,1,106.646,191.27586206896552
375,13,6,0,4.0,78.0,37023.96555555557,1.0,0.0,2,112.483,192.85714285714286
376,13,6,0,4.0,64.23076923076923,37029.143611111125,1.0,0.0,5,103.735,190.67857142857142
377,1,7,1,3.0,260.5925925925926,38426.360833333354,0.0,0.0,7,83.729,187.53703703703704
378,1,7,0,3.0,257.4230769230769,38415.78638888891,0.0,0.0,6,83.867,52.733333333333334
379,2,7,1,3.0,221.25,38845.1902777778,0.0,0.0,7,83.729,260.5925925925926
380,2,7,0,3.0,219.38333333333333,38846.60250000002,0.0,0.0,6,83.867,257.4230769230769
381,3,7,1,3.0,270.42857142857144,39271.36972222225,0.0,0.0,7,83.729,221.25
382,3,7,0,3.0,267.9,39270.73972222224,0.0,0.0,6,83.867,219.38333333333333
383,4,7,1,3.0,203.96969696969697,39700.25472222224,0.0,0.0,7,83.729,270.42857142857144
384,4,7,0,3.0,206.21875,39700.500555555576,0.0,0.0,6,83.867,267.9
385,5,7,1,3.0,240.78181818181818,40117.810555555574,0.0,0.0,7,83.729,203.96969696969697
386,5,7,0,3.0,238.59259259259258,40120.8477777778,0.0,0.0,6,83.867,206.21875
387,6,7,1,3.0,312.2857142857143,40537.38833333335,0.0,0.0,7,83.729,240.78181818181818
388,6,7,0,3.0,308.5238095238095,40533.6352777778,0.0,0.0,6,83.867,238.59259259259258
389,7,7,1,3.0,166.96341463414635,40973.9352777778,0.0,0.0,7,83.729,312.2857142857143
390,7,7,0,3.0,168.62962962962962,40977.05388888891,0.0,0.0,6,83.867,308.5238095238095
391,8,7,1,3.0,259.3269230769231,41399.43361111113,0.0,0.0,7,83.729,166.96341463414635
392,8,7,0,3.0,253.94230769230768,41399.29416666669,0.0,0.0,6,83.867,168.62962962962962
393,9,7,1,3.0,301.59090909090907,41824.645277777796,0.0,0.0,7,83.729,259.3269230769231
394,9,7,0,3.0,295.70454545454544,41826.513611111135,0.0,0.0,6,83.867,253.94230769230768
395,10,7,1,3.0,218.8,42244.32555555557,0.0,0.0,7,83.729,301.59090909090907
396,10,7,0,3.0,217.58333333333334,42249.524722222246,0.0,0.0,6,83.867,295.70454545454544
397,11,7,1,3.0,182.45945945945945,42672.288055555575,0.0,0.0,7,83.729,218.8
398,11,7,0,3.0,183.34246575342465,42674.59333333335,0.0,0.0,6,83.867,217.58333333333334
399,12,7,1,3.0,204.55384615384617,43095.28305555557,0.0,0.0,7,83.729,182.45945945945945
400,12,7,0,3.0,205.09230769230768,43100.18722222224,0.0,0.0,6,83.867,183.34246575342465
401,13,7,1,3.0,186.89473684210526,43431.580000000016,0.0,0.0,7,83.729,204.55384615384617
402,13,7,0,1.0,80.27272727272727,43412.43388888892,1.0,0.0,4,90.058,192.76785714285714
403,13,7,0,3.0,193.65454545454546,43438.38750000001,0.0,0.0,6,83.867,205.09230769230768
404,1,8,1,3.0,262.4230769230769,44794.18111111114,0.0,0.0,0,83.189,79.6
405,1,8,1,3.0,260.96153846153845,44786.24638888892,0.0,0.0,1,83.185,59.5
406,1,8,1,3.0,259.2962962962963,44795.261666666695,0.0,0.0,5,83.246,64.23076923076923
407,1,8,1,4.0,251.77777777777777,44792.8266666667,0.0,0.0,7,140.478,186.89473684210526
408,1,8,0,3.0,261.4230769230769,44792.436944444475,0.0,0.0,8,83.428,79.9
409,1,8,0,3.0,240.71428571428572,44787.756944444474,0.0,0.0,9,106.062,70.27272727272727
410,1,8,0,4.0,260.8888888888889,44798.458611111135,0.0,0.0,3,83.628,80.0
411,1,8,0,9.0,259.61538461538464,44793.16083333336,0.0,0.0,2,83.35,78.0
412,2,8,1,3.0,222.66666666666666,45223.22333333336,0.0,0.0,0,83.189,262.4230769230769
413,2,8,1,3.0,224.65,45218.019166666694,0.0,0.0,1,83.185,260.96153846153845
414,2,8,1,3.0,223.71186440677965,45215.93361111114,0.0,0.0,5,83.246,259.2962962962963
415,2,8,1,4.0,141.1875,45223.15861111114,0.0,0.0,7,140.478,251.77777777777777
416,2,8,0,3.0,219.672131147541,45219.920277777805,0.0,0.0,8,83.428,261.4230769230769
417,2,8,0,3.0,176.0810810810811,45214.62111111114,0.0,0.0,9,106.062,240.71428571428572
418,2,8,0,4.0,218.05084745762713,45214.64555555558,0.0,0.0,3,83.628,260.8888888888889
419,2,8,0,9.0,220.27868852459017,45222.52138888891,0.0,0.0,2,83.35,259.61538461538464
420,3,8,1,3.0,272.40816326530614,45643.910833333364,0.0,0.0,0,83.189,222.66666666666666
421,3,8,1,3.0,272.59183673469386,45641.5202777778,0.0,0.0,1,83.185,224.65
422,3,8,1,3.0,270.54,45645.24250000003,0.0,0.0,5,83.246,223.71186440677965
423,3,8,1,4.0,160.23170731707316,45642.82166666669,0.0,0.0,7,140.478,141.1875
424,3,8,0,3.0,270.46938775510205,45644.91361111114,0.0,0.0,8,83.428,219.672131147541
425,3,8,0,3.0,214.93650793650792,45645.99250000003,0.0,0.0,9,106.062,176.0810810810811
426,3,8,0,4.0,269.04,45648.120000000024,0.0,0.0,3,83.628,218.05084745762713
427,3,8,0,9.0,268.9795918367347,45645.523888888914,0.0,0.0,2,83.35,220.27868852459017
428,4,8,1,3.0,210.68253968253967,46067.937777777806,0.0,0.0,0,83.189,272.40816326530614
429,4,8,1,3.0,210.046875,46071.76500000003,0.0,0.0,1,83.185,272.59183673469386
430,4,8,1,3.0,209.06349206349208,46068.724166666696,0.0,0.0,5,83.246,270.54
431,4,8,1,4.0,135.15,46072.311111111136,0.0,0.0,7,140.478,160.23170731707316
432,4,8,0,3.0,208.71428571428572,46070.316666666695,0.0,0.0,8,83.428,270.46938775510205
433,4,8,0,3.0,171.45454545454547,46070.193611111135,0.0,0.0,9,106.062,214.93650793650792
434,4,8,0,4.0,204.140625,46072.877500000024,0.0,0.0,3,83.628,269.04
435,4,8,0,9.0,209.953125,46069.647777777805,0.0,0.0,2,83.35,268.9795918367347
436,5,8,1,3.0,238.29090909090908,46483.19861111114,0.0,0.0,0,83.189,210.68253968253967
437,5,8,1,3.0,242.98181818181817,46494.93750000003,0.0,0.0,1,83.185,210.046875
438,5,8,1,3.0,238.21818181818182,46486.07916666669,0.0,0.0,5,83.246,209.06349206349208
439,5,8,1,4.0,100.92424242424242,46495.886666666695,0.0,0.0,7,140.478,135.15
440,5,8,0,3.0,241.01818181818183,46490.3816666667,0.0,0.0,8,83.428,208.71428571428572
441,5,8,0,3.0,213.2258064516129,46492.553611111136,0.0,0.0,9,106.062,171.45454545454547
442,5,8,0,4.0,242.62962962962962,46487.96638888892,0.0,0.0,3,83.628,204.140625
443,5,8,0,9.0,240.05357142857142,46492.12888888892,0.0,0.0,2,83.35,209.953125
444,6,8,1,3.0,315.4418604651163,46919.56250000003,0.0,0.0,0,83.189,238.29090909090908
445,6,8,1,3.0,311.0952380952381,46909.42972222225,0.0,0.0,1,83.185,242.98181818181817
446,6,8,1,3.0,310.6136363636364,46920.713055555585,0.0,0.0,5,83.246,238.21818181818182
447,6,8,1,4.0,243.0,46907.027500000026,0.0,0.0,7,140.478,100.92424242424242
448,6,8,0,3.0,311.6190476190476,46907.21222222225,0.0,0.0,8,83.428,241.01818181818183
449,6,8,0,3.0,272.6666666666667,46908.980000000025,0.0,0.0,9,106.062,213.2258064516129
450,6,8,0,4.0,310.0681818181818,46921.92000000003,0.0,0.0,3,83.628,242.62962962962962
451,6,8,0,9.0,312.0,46911.533333333355,0.0,0.0,2,83.35,240.05357142857142
452,7,8,1,3.0,165.62962962962962,47346.157222222246,0.0,0.0,0,83.189,315.4418604651163
453,7,8,1,3.0,169.75,47345.51750000002,0.0,0.0,1,83.185,311.0952380952381
454,7,8,1,3.0,165.075,47346.29388888892,0.0,0.0,5,83.246,310.6136363636364
455,7,8,1,4.0,103.78030303030303,47346.21833333336,0.0,0.0,7,140.478,243.0
456,7,8,0,3.0,167.0,47341.55500000003,0.0,0.0,8,83.428,311.6190476190476
457,7,8,0,3.0,135.72,47346.3966666667,0.0,0.0,9,106.062,272.6666666666667
458,7,8,0,4.0,165.1038961038961,47339.480000000025,0.0,0.0,3,83.628,310.0681818181818
459,7,8,0,9.0,167.20987654320987,47344.291388888916,0.0,0.0,2,83.35,312.0
460,8,8,1,3.0,255.0,47764.98388888891,0.0,0.0,0,83.189,165.62962962962962
461,8,8,1,3.0,256.25,47771.406944444476,0.0,0.0,1,83.185,169.75
462,8,8,1,3.0,253.82692307692307,47763.18583333336,0.0,0.0,5,83.246,165.075
463,8,8,1,4.0,103.4453125,47768.67555555558,0.0,0.0,7,140.478,103.78030303030303
464,8,8,0,3.0,253.41509433962264,47766.31416666669,0.0,0.0,8,83.428,167.0
465,8,8,0,3.0,190.20289855072463,47765.79638888892,0.0,0.0,9,106.062,135.72
466,8,8,0,4.0,253.14,47759.510555555586,0.0,0.0,3,83.628,165.1038961038961
467,8,8,0,9.0,253.55769230769232,47766.972500000025,0.0,0.0,2,83.35,167.20987654320987
468,9,8,1,3.0,309.86046511627904,48191.5402777778,0.0,0.0,0,83.189,255.0
469,9,8,1,3.0,306.5581395348837,48192.98055555559,0.0,0.0,1,83.185,256.25
470,9,8,1,3.0,305.34090909090907,48191.43166666669,0.0,0.0,5,83.246,253.82692307692307
471,9,8,1,4.0,211.61904761904762,48192.08138888892,0.0,0.0,7,140.478,103.4453125
472,9,8,0,3.0,306.3953488372093,48195.92805555558,0.0,0.0,8,83.428,253.41509433962264
473,9,8,0,3.0,227.35593220338984,48193.86194444448,0.0,0.0,9,106.062,190.20289855072463
474,9,8,0,4.0,301.1111111111111,48195.425000000025,0.0,0.0,3,83.628,253.14
475,9,8,0,9.0,307.72093023255815,48184.89722222225,0.0,0.0,2,83.35,253.55769230769232
476,10,8,1,3.0,216.43548387096774,48617.9677777778,0.0,0.0,0,83.189,309.86046511627904
477,10,8,1,3.0,219.28333333333333,48606.51222222225,0.0,0.0,1,83.185,306.5581395348837
478,10,8,1,3.0,216.49180327868854,48613.667500000025,0.0,0.0,5,83.246,305.34090909090907
479,10,8,1,4.0,108.19672131147541,48611.68361111114,0.0,0.0,7,140.478,211.61904761904762
480,10,8,0,3.0,222.66666666666666,48618.60472222225,0.0,0.0,8,83.428,306.3953488372093
481,10,8,0,3.0,153.72941176470587,48616.06250000004,0.0,0.0,9,106.062,227.35593220338984
482,10,8,0,4.0,215.2622950819672,48615.481666666696,0.0,0.0,3,83.628,301.1111111111111
483,10,8,0,9.0,218.1639344262295,48617.17527777781,0.0,0.0,2,83.35,307.72093023255815
484,11,8,1,3.0,191.31884057971016,49038.33444444447,0.0,0.0,0,83.189,216.43548387096774
485,11,8,1,3.0,186.82191780821918,49044.133888888915,0.0,0.0,1,83.185,219.28333333333333
486,11,8,1,3.0,187.09722222222223,49045.29000000003,0.0,0.0,5,83.246,216.49180327868854
487,11,8,1,4.0,108.096,49045.37611111113,0.0,0.0,7,140.478,108.19672131147541
488,11,8,0,3.0,187.87142857142857,49040.72916666669,0.0,0.0,8,83.428,222.66666666666666
489,11,8,0,3.0,126.98095238095237,49042.005000000034,0.0,0.0,9,106.062,153.72941176470587
490,11,8,0,4.0,189.09859154929578,49039.99638888892,0.0,0.0,3,83.628,215.2622950819672
491,11,8,0,9.0,187.66197183098592,49044.922777777814,0.0,0.0,2,83.35,218.1639344262295
492,12,8,1,3.0,201.37313432835822,49466.99000000002,0.0,0.0,0,83.189,191.31884057971016
493,12,8,1,3.0,200.3181818181818,49468.63777777781,0.0,0.0,1,83.185,186.82191780821918
494,12,8,1,3.0,205.96875,49461.880277777804,0.0,0.0,5,83.246,187.09722222222223
495,12,8,1,4.0,130.61764705882354,49468.203888888915,0.0,0.0,7,140.478,108.096
496,12,8,0,3.0,203.45454545454547,49468.09861111114,0.0,0.0,8,83.428,187.87142857142857
497,12,8,0,3.0,155.97619047619048,49458.438888888915,0.0,0.0,9,106.062,126.98095238095237
498,12,8,0,4.0,203.92307692307693,49462.27500000003,0.0,0.0,3,83.628,189.09859154929578
499,12,8,0,9.0,205.1875,49463.99194444448,0.0,0.0,2,83.35,187.66197183098592
500,13,8,1,3.0,192.78947368421052,49816.02944444446,0.0,0.0,0,83.189,201.37313432835822
501,13,8,1,3.0,193.12280701754386,49818.522777777805,0.0,0.0,1,83.185,200.3181818181818
502,13,8,1,3.0,192.50877192982455,49808.45500000003,0.0,0.0,5,83.246,205.96875
503,13,8,1,4.0,166.0625,49802.18666666669,0.0,0.0,7,140.478,130.61764705882354
504,13,8,0,3.0,189.94736842105263,49821.073055555586,0.0,0.0,8,83.428,203.45454545454547
505,13,8,0,3.0,166.26865671641792,49812.43694444447,0.0,0.0,9,106.062,155.97619047619048
506,13,8,0,4.0,194.68965517241378,49817.841666666696,0.0,0.0,3,83.628,203.92307692307693
507,13,8,0,9.0,194.33333333333334,49812.135277777816,0.0,0.0,2,83.35,205.1875
508,1,9,1,4.0,254.44444444444446,51164.349166666696,0.0,0.0,5,133.942,192.50877192982455
509,1,9,1,5.0,262.0769230769231,51162.34250000003,0.0,0.0,7,83.856,166.0625
510,1,9,0,3.0,261.0769230769231,51166.12111111114,0.0,0.0,4,83.783,80.27272727272727
511,1,9,0,4.0,259.0,51161.75527777781,0.0,0.0,9,84.225,166.26865671641792
512,1,9,0,5.0,258.3333333333333,51168.24138888892,0.0,0.0,6,83.624,193.65454545454546
513,2,9,1,4.0,170.54430379746836,51590.75138888892,0.0,0.0,5,133.942,254.44444444444446
514,2,9,1,5.0,223.03333333333333,51584.66694444448,0.0,0.0,7,83.856,262.0769230769231
515,2,9,0,3.0,220.98333333333332,51593.00527777781,0.0,0.0,4,83.783,261.0769230769231
516,2,9,0,4.0,220.05,51591.441666666695,0.0,0.0,9,84.225,259.0
517,2,9,0,5.0,219.01666666666668,51586.69222222226,0.0,0.0,6,83.624,258.3333333333333
518,3,9,1,4.0,184.45833333333334,52017.693333333365,0.0,0.0,5,133.942,170.54430379746836
519,3,9,1,5.0,269.55102040816325,52009.27694444448,0.0,0.0,7,83.856,223.03333333333333
520,3,9,0,3.0,268.53061224489795,52014.00388888892,0.0,0.0,4,83.783,220.98333333333332
521,3,9,0,4.0,268.32,52017.73027777781,0.0,0.0,9,84.225,220.05
522,3,9,0,5.0,268.2,52011.21000000003,0.0,0.0,6,83.624,219.01666666666668
523,4,9,1,4.0,151.0,52440.4291666667,0.0,0.0,5,133.942,184.45833333333334
524,4,9,1,5.0,204.12121212121212,52441.58555555559,0.0,0.0,7,83.856,269.55102040816325
525,4,9,0,3.0,209.125,52437.805555555584,0.0,0.0,4,83.783,268.53061224489795
526,4,9,0,4.0,209.52380952380952,52438.8316666667,0.0,0.0,9,84.225,268.32
527,4,9,0,5.0,206.4375,52442.02027777781,0.0,0.0,6,83.624,268.2
528,5,9,1,4.0,179.38666666666666,52866.50277777781,0.0,0.0,5,133.942,151.0
529,5,9,1,5.0,242.8181818181818,52865.203611111145,0.0,0.0,7,83.856,204.12121212121212
530,5,9,0,3.0,237.14285714285714,52856.92250000003,0.0,0.0,4,83.783,209.125
531,5,9,0,4.0,241.36363636363637,52863.89277777781,0.0,0.0,9,84.225,209.52380952380952
532,5,9,0,5.0,239.94444444444446,52866.00638888892,0.0,0.0,6,83.624,206.4375
533,6,9,1,4.0,225.11864406779662,53291.70611111114,0.0,0.0,5,133.942,179.38666666666666
534,6,9,1,5.0,312.1904761904762,53288.1866666667,0.0,0.0,7,83.856,242.8181818181818
535,6,9,0,3.0,310.76190476190476,53272.42805555559,0.0,0.0,4,83.783,237.14285714285714
536,6,9,0,4.0,309.8333333333333,53280.2741666667,0.0,0.0,9,84.225,241.36363636363637
537,6,9,0,5.0,311.25581395348837,53282.79722222225,0.0,0.0,6,83.624,239.94444444444446
538,7,9,1,4.0,123.51851851851852,53713.661666666696,0.0,0.0,5,133.942,225.11864406779662
539,7,9,1,5.0,165.5185185185185,53715.6666666667,0.0,0.0,7,83.856,312.1904761904762
540,7,9,0,3.0,168.47560975609755,53713.513333333365,0.0,0.0,4,83.783,310.76190476190476
541,7,9,0,4.0,168.55696202531647,53708.85305555559,0.0,0.0,9,84.225,309.8333333333333
542,7,9,0,5.0,166.775,53712.24222222225,0.0,0.0,6,83.624,311.25581395348837
543,8,9,1,4.0,179.1891891891892,54137.23250000003,0.0,0.0,5,133.942,123.51851851851852
544,8,9,1,5.0,257.84615384615387,54139.46000000003,0.0,0.0,7,83.856,165.5185185185185
545,8,9,0,3.0,251.34615384615384,54131.1116666667,0.0,0.0,4,83.783,168.47560975609755
546,8,9,0,4.0,249.60377358490567,54132.48055555559,0.0,0.0,9,84.225,168.55696202531647
547,8,9,0,5.0,251.26923076923077,54127.36833333337,0.0,0.0,6,83.624,166.775
548,9,9,1,4.0,204.47692307692307,54561.11833333336,0.0,0.0,5,133.942,179.1891891891892
549,9,9,1,5.0,300.4318181818182,54564.25250000003,0.0,0.0,7,83.856,257.84615384615387
550,9,9,0,3.0,301.2,54565.487222222255,0.0,0.0,4,83.783,251.34615384615384
551,9,9,0,4.0,302.47727272727275,54557.29305555559,0.0,0.0,9,84.225,249.60377358490567
552,9,9,0,5.0,305.09090909090907,54558.05833333336,0.0,0.0,6,83.624,251.26923076923077
553,10,9,1,4.0,125.10280373831776,54989.02305555558,0.0,0.0,5,133.942,204.47692307692307
554,10,9,1,5.0,216.9016393442623,54987.755833333365,0.0,0.0,7,83.856,300.4318181818182
555,10,9,0,3.0,217.15,54980.93361111115,0.0,0.0,4,83.783,301.2
556,10,9,0,4.0,213.0952380952381,54986.55805555559,0.0,0.0,9,84.225,302.47727272727275
557,10,9,0,5.0,218.21666666666667,54978.06527777781,0.0,0.0,6,83.624,305.09090909090907
558,11,9,1,4.0,94.96428571428571,55414.19500000003,0.0,0.0,5,133.942,125.10280373831776
559,11,9,1,5.0,182.16438356164383,55414.95722222225,0.0,0.0,7,83.856,216.9016393442623
560,11,9,0,3.0,185.86301369863014,55412.19388888892,0.0,0.0,4,83.783,217.15
561,11,9,0,4.0,192.97142857142856,55413.630277777804,0.0,0.0,9,84.225,213.0952380952381
562,11,9,0,5.0,187.05555555555554,55411.84611111114,0.0,0.0,6,83.624,218.21666666666667
563,12,9,1,4.0,63.30288461538461,55832.027222222256,0.0,0.0,5,133.942,94.96428571428571
564,12,9,1,5.0,203.58461538461538,55833.64916666669,0.0,0.0,7,83.856,182.16438356164383
565,12,9,0,3.0,203.3846153846154,55838.718888888914,0.0,0.0,4,83.783,185.86301369863014
566,12,9,0,4.0,198.1818181818182,55835.73527777781,0.0,0.0,9,84.225,192.97142857142856
567,12,9,0,5.0,204.44615384615383,55838.04000000003,0.0,0.0,6,83.624,187.05555555555554
568,13,9,1,1.0,77.16666666666667,56139.41472222225,1.0,0.0,1,114.838,193.12280701754386
569,13,9,1,4.0,164.0597014925373,56182.546944444475,0.0,0.0,5,133.942,63.30288461538461
570,13,9,1,5.0,188.24137931034483,56177.248611111136,0.0,0.0,7,83.856,203.58461538461538
571,13,9,0,1.0,73.63636363636364,56129.46555555559,1.0,0.0,8,105.487,189.94736842105263
572,13,9,0,3.0,192.0701754385965,56176.4877777778,0.0,0.0,4,83.783,203.3846153846154
573,13,9,0,4.0,188.66129032258064,56200.25805555558,0.0,0.0,9,84.225,198.1818181818182
574,13,9,0,5.0,191.78181818181818,56180.42138888892,0.0,0.0,6,83.624,204.44615384615383
575,13,9,0,7.0,79.5,56149.536944444466,1.0,0.0,2,105.091,194.33333333333334
576,1,10,1,5.0,258.3333333333333,57534.88944444448,0.0,0.0,5,83.339,164.0597014925373
577,1,10,0,6.0,258.4230769230769,57531.37444444448,0.0,0.0,3,83.467,194.68965517241378
578,2,10,1,5.0,222.66101694915255,57949.08555555559,0.0,0.0,5,83.339,258.3333333333333
579,2,10,0,6.0,219.1639344262295,57959.53083333337,0.0,0.0,3,83.467,258.4230769230769
580,3,10,1,5.0,270.58,58383.36833333337,0.0,0.0,5,83.339,222.66101694915255
581,3,10,0,6.0,269.3673469387755,58385.80444444448,0.0,0.0,3,83.467,219.1639344262295
582,4,10,1,5.0,207.359375,58809.725000000035,0.0,0.0,5,83.339,270.58
583,4,10,0,6.0,205.953125,58811.89083333337,0.0,0.0,3,83.467,269.3673469387755
584,5,10,1,5.0,241.29090909090908,59235.731388888926,0.0,0.0,5,83.339,207.359375
585,5,10,0,6.0,241.7037037037037,59223.74944444448,0.0,0.0,3,83.467,205.953125
586,6,10,1,5.0,311.0232558139535,59655.92388888892,0.0,0.0,5,83.339,241.29090909090908
587,6,10,0,6.0,313.0,59659.64833333337,0.0,0.0,3,83.467,241.7037037037037
588,7,10,1,5.0,167.1875,60083.59027777781,0.0,0.0,5,83.339,311.0232558139535
589,7,10,0,6.0,167.74358974358975,60081.44527777781,0.0,0.0,3,83.467,313.0
590,8,10,1,5.0,254.25,60502.31333333337,0.0,0.0,5,83.339,167.1875
591,8,10,0,6.0,252.48076923076923,60502.47333333337,0.0,0.0,3,83.467,167.74358974358975
592,9,10,1,5.0,302.09090909090907,60931.54722222225,0.0,0.0,5,83.339,254.25
593,9,10,0,6.0,306.8837209302326,60929.54888888892,0.0,0.0,3,83.467,252.48076923076923
594,10,10,1,5.0,219.47540983606558,61352.49444444448,0.0,0.0,5,83.339,302.09090909090907
595,10,10,0,6.0,218.34426229508196,61350.84472222226,0.0,0.0,3,83.467,306.8837209302326
596,11,10,1,5.0,184.48611111111111,61781.72055555559,0.0,0.0,5,83.339,219.47540983606558
597,11,10,0,6.0,187.08450704225353,61783.761388888925,0.0,0.0,3,83.467,218.34426229508196
598,12,10,1,5.0,205.84615384615384,62208.12222222226,0.0,0.0,5,83.339,184.48611111111111
599,12,10,0,6.0,204.5625,62207.61944444448,0.0,0.0,3,83.467,187.08450704225353
600,13,10,1,1.0,79.54545454545455,62514.70111111116,1.0,0.0,0,103.156,192.78947368421052
601,13,10,1,5.0,187.44642857142858,62540.99388888892,0.0,0.0,5,83.339,205.84615384615384
602,13,10,0,1.0,55.333333333333336,62504.25083333337,1.0,0.0,9,114.206,188.66129032258064
603,13,10,0,6.0,192.05263157894737,62552.880000000034,0.0,0.0,3,83.467,204.5625
604,1,11,1,3.0,260.5,63897.19500000004,0.0,0.0,2,83.751,79.5
605,1,11,1,3.0,263.88461538461536,63905.77638888893,0.0,0.0,8,83.404,73.63636363636364
606,2,11,1,3.0,222.65573770491804,64331.76388888893,0.0,0.0,2,83.751,260.5
607,2,11,1,3.0,221.36666666666667,64331.540833333376,0.0,0.0,8,83.404,263.88461538461536
608,3,11,1,3.0,270.7083333333333,64743.73138888893,0.0,0.0,2,83.751,222.65573770491804
609,3,11,1,3.0,270.81632653061223,64752.67277777782,0.0,0.0,8,83.404,221.36666666666667
610,4,11,1,3.0,206.25757575757575,65180.98527777782,0.0,0.0,2,83.751,270.7083333333333
611,4,11,1,3.0,207.90625,65181.22083333338,0.0,0.0,8,83.404,270.81632653061223
612,5,11,1,3.0,241.53703703703704,65597.59000000004,0.0,0.0,2,83.751,206.25757575757575
613,5,11,1,3.0,242.45454545454547,65604.64388888892,0.0,0.0,8,83.404,207.90625
614,6,11,1,3.0,314.95348837209303,66028.18222222227,0.0,0.0,2,83.751,241.53703703703704
615,6,11,1,3.0,313.8095238095238,66023.05777777782,0.0,0.0,8,83.404,242.45454545454547
616,7,11,1,3.0,165.875,66447.29472222226,0.0,0.0,2,83.751,314.95348837209303
617,7,11,1,3.0,166.9875,66446.5616666667,0.0,0.0,8,83.404,313.8095238095238
618,8,11,1,3.0,252.1509433962264,66875.8430555556,0.0,0.0,2,83.751,165.875
619,8,11,1,3.0,253.96226415094338,66878.78083333338,0.0,0.0,8,83.404,166.9875
620,9,11,1,3.0,310.72093023255815,67299.37027777782,0.0,0.0,2,83.751,252.1509433962264
621,9,11,1,3.0,308.3255813953488,67299.15083333338,0.0,0.0,8,83.404,253.96226415094338
622,10,11,1,3.0,215.91803278688525,67716.44000000005,0.0,0.0,2,83.751,310.72093023255815
623,10,11,1,3.0,220.61666666666667,67726.38416666671,0.0,0.0,8,83.404,308.3255813953488
624,11,11,1,3.0,188.15277777777777,68151.65055555559,0.0,0.0,2,83.751,215.91803278688525
625,11,11,1,3.0,187.23611111111111,68149.95472222226,0.0,0.0,8,83.404,220.61666666666667
626,12,11,1,3.0,199.56716417910448,68577.35916666672,0.0,0.0,2,83.751,188.15277777777777
627,12,11,1,3.0,201.5151515151515,68576.22638888893,0.0,0.0,8,83.404,187.23611111111111
628,13,11,1,3.0,192.15254237288136,68929.43694444449,0.0,0.0,2,83.751,199.56716417910448
629,13,11,1,3.0,190.83050847457628,68926.73472222227,0.0,0.0,8,83.404,201.5151515151515
630,1,12,1,4.0,254.73076923076923,70265.46277777782,0.0,0.0,2,133.934,192.15254237288136
631,1,12,1,4.0,251.92592592592592,70276.74583333338,0.0,0.0,8,137.319,190.83050847457628
632,1,12,0,3.0,259.61538461538464,70264.37750000005,0.0,0.0,0,82.8,79.54545454545455
633,1,12,0,3.0,256.88461538461536,70271.01527777781,0.0,0.0,4,83.448,192.0701754385965
634,1,12,0,3.0,259.34615384615387,70268.94361111114,0.0,0.0,6,83.174,191.78181818181818
635,1,12,0,3.0,260.55555555555554,70275.24972222226,0.0,0.0,7,83.256,188.24137931034483
636,1,12,0,7.0,243.75,70266.89361111115,0.0,0.0,9,116.394,55.333333333333336
637,2,12,1,4.0,165.4878048780488,70699.6980555556,0.0,0.0,2,133.934,254.73076923076923
638,2,12,1,4.0,168.41772151898735,70695.95138888893,0.0,0.0,8,137.319,251.92592592592592
639,2,12,0,3.0,223.1639344262295,70698.96388888893,0.0,0.0,0,82.8,259.61538461538464
640,2,12,0,3.0,220.85245901639345,70697.5141666667,0.0,0.0,4,83.448,256.88461538461536
641,2,12,0,3.0,223.38333333333333,70698.5130555556,0.0,0.0,6,83.174,259.34615384615387
642,2,12,0,3.0,222.6,70699.92500000003,0.0,0.0,7,83.256,260.55555555555554
643,2,12,0,7.0,183.97260273972603,70697.4841666667,0.0,0.0,9,116.394,243.75
644,3,12,1,4.0,186.07042253521126,71122.16638888893,0.0,0.0,2,133.934,165.4878048780488
645,3,12,1,4.0,164.8641975308642,71122.4530555556,0.0,0.0,8,137.319,168.41772151898735
646,3,12,0,3.0,272.1041666666667,71113.10138888893,0.0,0.0,0,82.8,223.1639344262295
647,3,12,0,3.0,269.1224489795918,71121.47527777782,0.0,0.0,4,83.448,220.85245901639345
648,3,12,0,3.0,269.3469387755102,71115.63777777781,0.0,0.0,6,83.174,223.38333333333333
649,3,12,0,3.0,270.57142857142856,71123.18500000004,0.0,0.0,7,83.256,222.6
650,3,12,0,7.0,215.09677419354838,71124.12611111115,0.0,0.0,9,116.394,183.97260273972603
651,4,12,1,4.0,146.0108695652174,71550.92222222226,0.0,0.0,2,133.934,186.07042253521126
652,4,12,1,4.0,117.62280701754386,71549.70388888892,0.0,0.0,8,137.319,164.8641975308642
653,4,12,0,3.0,212.03125,71549.82861111115,0.0,0.0,0,82.8,272.1041666666667
654,4,12,0,3.0,212.28571428571428,71548.41583333338,0.0,0.0,4,83.448,269.1224489795918
655,4,12,0,3.0,209.6,71550.96611111115,0.0,0.0,6,83.174,269.3469387755102
656,4,12,0,3.0,205.30769230769232,71548.54222222226,0.0,0.0,7,83.256,270.57142857142856
657,4,12,0,7.0,176.47368421052633,71549.61611111114,0.0,0.0,9,116.394,215.09677419354838
658,5,12,1,4.0,147.86666666666667,71973.15250000004,0.0,0.0,2,133.934,146.0108695652174
659,5,12,1,4.0,153.44827586206895,71974.08888888893,0.0,0.0,8,137.319,117.62280701754386
660,5,12,0,3.0,238.44642857142858,71975.56611111115,0.0,0.0,0,82.8,212.03125
661,5,12,0,3.0,235.01785714285714,71965.83583333337,0.0,0.0,4,83.448,212.28571428571428
662,5,12,0,3.0,240.14814814814815,71966.97833333338,0.0,0.0,6,83.174,209.6
663,5,12,0,3.0,241.71428571428572,71975.1366666667,0.0,0.0,7,83.256,205.30769230769232
664,5,12,0,7.0,198.7462686567164,71972.61750000004,0.0,0.0,9,116.394,176.47368421052633
665,6,12,1,4.0,174.6578947368421,72395.25666666671,0.0,0.0,2,133.934,147.86666666666667
666,6,12,1,4.0,233.78947368421052,72397.46444444449,0.0,0.0,8,137.319,153.44827586206895
667,6,12,0,3.0,314.7142857142857,72396.6891666667,0.0,0.0,0,82.8,238.44642857142858
668,6,12,0,3.0,312.3488372093023,72399.22888888893,0.0,0.0,4,83.448,235.01785714285714
669,6,12,0,3.0,310.3488372093023,72394.21083333337,0.0,0.0,6,83.174,240.14814814814815
670,6,12,0,3.0,313.6190476190476,72394.76638888894,0.0,0.0,7,83.256,241.71428571428572
671,6,12,0,7.0,256.3137254901961,72388.1680555556,0.0,0.0,9,116.394,198.7462686567164
672,7,12,1,4.0,103.06153846153846,72822.67722222226,0.0,0.0,2,133.934,174.6578947368421
673,7,12,1,4.0,116.13157894736842,72822.24250000004,0.0,0.0,8,137.319,233.78947368421052
674,7,12,0,3.0,167.0759493670886,72818.07472222226,0.0,0.0,0,82.8,314.7142857142857
675,7,12,0,3.0,168.08860759493672,72817.03805555559,0.0,0.0,4,83.448,312.3488372093023
676,7,12,0,3.0,169.56962025316454,72816.69722222225,0.0,0.0,6,83.174,310.3488372093023
677,7,12,0,3.0,167.1139240506329,72823.85083333337,0.0,0.0,7,83.256,313.6190476190476
678,7,12,0,7.0,135.25742574257427,72824.9641666667,0.0,0.0,9,116.394,256.3137254901961
679,8,12,1,4.0,151.1818181818182,73246.25861111115,0.0,0.0,2,133.934,103.06153846153846
680,8,12,1,4.0,195.50746268656715,73239.20083333337,0.0,0.0,8,137.319,116.13157894736842
681,8,12,0,3.0,254.30188679245282,73247.17583333337,0.0,0.0,0,82.8,167.0759493670886
682,8,12,0,3.0,253.45283018867926,73249.42111111115,0.0,0.0,4,83.448,168.08860759493672
683,8,12,0,3.0,252.9811320754717,73245.36944444448,0.0,0.0,6,83.174,169.56962025316454
684,8,12,0,3.0,256.3137254901961,73233.32861111115,0.0,0.0,7,83.256,167.1139240506329
685,8,12,0,7.0,113.42735042735043,73246.16500000004,0.0,0.0,9,116.394,135.25742574257427
686,9,12,1,4.0,154.62790697674419,73670.49861111115,0.0,0.0,2,133.934,151.1818181818182
687,9,12,1,4.0,226.31666666666666,73673.59583333337,0.0,0.0,8,137.319,195.50746268656715
688,9,12,0,3.0,306.8139534883721,73671.40277777781,0.0,0.0,0,82.8,254.30188679245282
689,9,12,0,3.0,306.0232558139535,73672.59638888892,0.0,0.0,4,83.448,253.45283018867926
690,9,12,0,3.0,303.70454545454544,73671.86888888892,0.0,0.0,6,83.174,252.9811320754717
691,9,12,0,3.0,305.3863636363636,73662.14805555559,0.0,0.0,7,83.256,256.3137254901961
692,9,12,0,7.0,179.66216216216216,73672.23833333337,0.0,0.0,9,116.394,113.42735042735043
693,10,12,1,4.0,111.43333333333334,74098.30472222227,0.0,0.0,2,133.934,154.62790697674419
694,10,12,1,4.0,128.57843137254903,74092.7455555556,0.0,0.0,8,137.319,226.31666666666666
695,10,12,0,3.0,219.3,74088.42555555559,0.0,0.0,0,82.8,306.8139534883721
696,10,12,0,3.0,221.05,74093.90944444448,0.0,0.0,4,83.448,306.0232558139535
697,10,12,0,3.0,217.75409836065575,74095.45027777781,0.0,0.0,6,83.174,303.70454545454544
698,10,12,0,3.0,222.2295081967213,74094.11861111115,0.0,0.0,7,83.256,305.3863636363636
699,10,12,0,7.0,150.5056179775281,74098.73916666671,0.0,0.0,9,116.394,179.66216216216216
700,11,12,1,4.0,104.11811023622047,74521.9655555556,0.0,0.0,2,133.934,111.43333333333334
701,11,12,1,4.0,96.37857142857143,74522.43555555558,0.0,0.0,8,137.319,128.57843137254903
702,11,12,0,3.0,187.40277777777777,74523.06277777781,0.0,0.0,0,82.8,219.3
703,11,12,0,3.0,185.12328767123287,74521.65861111115,0.0,0.0,4,83.448,221.05
704,11,12,0,3.0,186.23611111111111,74523.36527777782,0.0,0.0,6,83.174,217.75409836065575
705,11,12,0,3.0,185.81690140845072,74520.2016666667,0.0,0.0,7,83.256,222.2295081967213
706,11,12,0,7.0,113.5982905982906,74521.52416666671,0.0,0.0,9,116.394,150.5056179775281
707,12,12,1,4.0,118.27433628318585,74947.96527777782,0.0,0.0,2,133.934,104.11811023622047
708,12,12,1,4.0,69.60526315789474,74946.06111111115,0.0,0.0,8,137.319,96.37857142857143
709,12,12,0,3.0,208.171875,74944.44277777782,0.0,0.0,0,82.8,187.40277777777777
710,12,12,0,3.0,203.06153846153848,74941.22555555559,0.0,0.0,4,83.448,185.12328767123287
711,12,12,0,3.0,207.125,74943.89083333337,0.0,0.0,6,83.174,186.23611111111111
712,12,12,0,3.0,203.828125,74936.37861111115,0.0,0.0,7,83.256,185.81690140845072
713,12,12,0,7.0,138.92708333333334,74948.25194444449,0.0,0.0,9,116.394,113.5982905982906
714,13,12,1,1.0,78.81818181818181,75252.54027777782,1.0,0.0,1,105.841,77.16666666666667
715,13,12,1,4.0,156.77611940298507,75282.08027777782,0.0,0.0,2,133.934,118.27433628318585
716,13,12,1,4.0,132.25,75279.94222222225,0.0,0.0,8,137.319,69.60526315789474
717,13,12,0,3.0,194.66071428571428,75286.30305555559,0.0,0.0,0,82.8,208.171875
718,13,12,0,3.0,191.8421052631579,75289.36805555559,0.0,0.0,4,83.448,203.06153846153848
719,13,12,0,3.0,194.64285714285714,75292.12222222226,0.0,0.0,6,83.174,207.125
720,13,12,0,3.0,190.6949152542373,75288.95277777783,0.0,0.0,7,83.256,203.828125
721,13,12,0,7.0,163.49253731343285,75289.49777777783,0.0,0.0,9,116.394,138.92708333333334
722,1,13,1,3.0,255.57692307692307,76633.92666666671,0.0,0.0,5,83.303,187.44642857142858
723,1,13,1,5.0,261.75,76646.25361111115,0.0,0.0,2,83.794,156.77611940298507
724,1,13,0,3.0,260.17857142857144,76645.78833333337,0.0,0.0,3,83.202,192.05263157894737
725,1,13,0,8.0,257.0,76635.66666666672,0.0,0.0,9,84.305,163.49253731343285
726,2,13,1,3.0,219.59016393442624,77060.07777777783,0.0,0.0,5,83.303,255.57692307692307
727,2,13,1,5.0,220.40677966101694,77062.68944444449,0.0,0.0,2,83.794,261.75
728,2,13,0,3.0,220.6271186440678,77062.63722222227,0.0,0.0,3,83.202,260.17857142857144
729,2,13,0,8.0,219.47540983606558,77061.62166666672,0.0,0.0,9,84.305,257.0
730,3,13,1,3.0,271.56,77489.92388888894,0.0,0.0,5,83.303,219.59016393442624
731,3,13,1,5.0,271.2040816326531,77491.94722222227,0.0,0.0,2,83.794,220.40677966101694
732,3,13,0,3.0,269.44,77490.57833333338,0.0,0.0,3,83.202,220.6271186440678
733,3,13,0,8.0,266.82,77485.22916666672,0.0,0.0,9,84.305,219.47540983606558
734,4,13,1,3.0,207.921875,77920.35638888893,0.0,0.0,5,83.303,271.56
735,4,13,1,5.0,203.8181818181818,77920.05972222227,0.0,0.0,2,83.794,271.2040816326531
736,4,13,0,3.0,210.15873015873015,77914.02833333338,0.0,0.0,3,83.202,269.44
737,4,13,0,8.0,209.3125,77916.76638888894,0.0,0.0,9,84.305,266.82
738,5,13,1,3.0,240.38181818181818,78338.25333333337,0.0,0.0,5,83.303,207.921875
739,5,13,1,5.0,244.6727272727273,78345.0405555556,0.0,0.0,2,83.794,203.8181818181818
740,5,13,0,3.0,237.16071428571428,78338.7719444445,0.0,0.0,3,83.202,210.15873015873015
741,5,13,0,8.0,238.23214285714286,78338.59750000005,0.0,0.0,9,84.305,209.3125
742,6,13,1,3.0,312.27906976744185,78767.96111111116,0.0,0.0,5,83.303,240.38181818181818
743,6,13,1,5.0,314.57142857142856,78767.2805555556,0.0,0.0,2,83.794,244.6727272727273
744,6,13,0,3.0,311.0232558139535,78767.07861111115,0.0,0.0,3,83.202,237.16071428571428
745,6,13,0,8.0,307.93023255813955,78769.35277777782,0.0,0.0,9,84.305,238.23214285714286
746,7,13,1,3.0,167.9493670886076,79187.09583333338,0.0,0.0,5,83.303,312.27906976744185
747,7,13,1,5.0,162.4268292682927,79194.25111111115,0.0,0.0,2,83.794,314.57142857142856
748,7,13,0,3.0,168.36708860759492,79190.25638888894,0.0,0.0,3,83.202,311.0232558139535
749,7,13,0,8.0,165.90123456790124,79190.92527777782,0.0,0.0,9,84.305,307.93023255813955
750,8,13,1,3.0,253.92307692307693,79603.40277777782,0.0,0.0,5,83.303,167.9493670886076
751,8,13,1,5.0,258.27450980392155,79618.93500000004,0.0,0.0,2,83.794,162.4268292682927
752,8,13,0,3.0,254.43396226415095,79618.05694444448,0.0,0.0,3,83.202,168.36708860759492
753,8,13,0,8.0,253.46153846153845,79614.79194444449,0.0,0.0,9,84.305,165.90123456790124
754,9,13,1,3.0,305.75,80038.39027777783,0.0,0.0,5,83.303,253.92307692307693
755,9,13,1,5.0,303.45454545454544,80043.46388888893,0.0,0.0,2,83.794,258.27450980392155
756,9,13,0,3.0,302.25,80043.43666666672,0.0,0.0,3,83.202,254.43396226415095
757,9,13,0,8.0,302.22727272727275,80037.80000000005,0.0,0.0,9,84.305,253.46153846153845
758,10,13,1,3.0,219.37704918032787,80464.03611111116,0.0,0.0,5,83.303,305.75
759,10,13,1,5.0,217.0,80454.35527777782,0.0,0.0,2,83.794,303.45454545454544
760,10,13,0,3.0,219.86666666666667,80465.0205555556,0.0,0.0,3,83.202,302.25
761,10,13,0,8.0,214.85714285714286,80467.33027777782,0.0,0.0,9,84.305,302.22727272727275
762,11,13,1,3.0,189.34285714285716,80889.11111111115,0.0,0.0,5,83.303,219.37704918032787
763,11,13,1,5.0,183.8783783783784,80891.41972222227,0.0,0.0,2,83.794,217.0
764,11,13,0,3.0,189.72857142857143,80886.38638888893,0.0,0.0,3,83.202,219.86666666666667
765,11,13,0,8.0,186.16901408450704,80891.23888888893,0.0,0.0,9,84.305,214.85714285714286
766,12,13,1,3.0,203.24242424242425,81317.79472222226,0.0,0.0,5,83.303,189.34285714285716
767,12,13,1,5.0,202.86153846153846,81312.02888888893,0.0,0.0,2,83.794,183.8783783783784
768,12,13,0,3.0,203.0,81305.3294444445,0.0,0.0,3,83.202,189.72857142857143
769,12,13,0,8.0,200.71641791044777,81317.39388888894,0.0,0.0,9,84.305,186.16901408450704
770,13,13,1,3.0,190.98245614035088,81662.5480555556,0.0,0.0,5,83.303,203.24242424242425
771,13,13,1,5.0,189.82456140350877,81657.79305555561,0.0,0.0,2,83.794,202.86153846153846
772,13,13,0,1.0,79.8,81623.38166666671,1.0,0.0,0,110.949,194.66071428571428
773,13,13,0,1.0,79.3,81620.09972222225,1.0,0.0,7,111.238,190.6949152542373
774,13,13,0,3.0,194.94827586206895,81661.8108333334,0.0,0.0,3,83.202,203.0
775,13,13,0,8.0,188.79310344827587,81664.0905555556,0.0,0.0,9,84.305,200.71641791044777
776,1,14,0,3.0,261.6923076923077,83010.14277777783,0.0,0.0,1,82.66,78.81818181818181
777,2,14,0,3.0,226.17241379310346,83429.28083333338,0.0,0.0,1,82.66,261.6923076923077
778,3,14,0,3.0,274.38,83863.47194444449,0.0,0.0,1,82.66,226.17241379310346
779,4,14,0,3.0,210.0952380952381,84286.63416666671,0.0,0.0,1,82.66,274.38
780,5,14,0,3.0,239.32142857142858,84710.51333333338,0.0,0.0,1,82.66,210.0952380952381
781,6,14,0,3.0,312.64285714285717,85126.42666666671,0.0,0.0,1,82.66,239.32142857142858
782,7,14,0,3.0,170.68354430379748,85559.44833333338,0.0,0.0,1,82.66,312.64285714285717
783,8,14,0,3.0,254.1509433962264,85986.55000000005,0.0,0.0,1,82.66,170.68354430379748
784,9,14,0,3.0,307.06976744186045,86411.1905555556,0.0,0.0,1,82.66,254.1509433962264
785,10,14,0,3.0,221.93333333333334,86833.5094444445,0.0,0.0,1,82.66,307.06976744186045
786,11,14,0,3.0,188.67142857142858,87259.58611111116,0.0,0.0,1,82.66,221.93333333333334
787,12,14,0,3.0,205.375,87676.29916666672,0.0,0.0,1,82.66,188.67142857142858
788,13,14,1,1.0,80.0,87998.30472222227,1.0,0.0,5,108.187,190.98245614035088
789,13,14,0,3.0,192.48275862068965,88031.59527777783,0.0,0.0,1,82.66,205.375
790,13,14,0,5.0,79.91666666666667,88005.85527777782,1.0,0.0,9,112.433,188.79310344827587
791,1,15,0,3.0,261.89285714285717,89383.90833333338,0.0,0.0,0,82.109,79.8
792,1,15,0,3.0,262.8076923076923,89377.4019444445,0.0,0.0,7,83.392,79.3
793,1,15,0,5.0,257.38461538461536,89369.7294444445,0.0,0.0,4,83.489,191.8421052631579
794,2,15,0,3.0,225.57627118644066,89809.48611111117,0.0,0.0,0,82.109,261.89285714285717
795,2,15,0,3.0,224.68333333333334,89810.44611111116,0.0,0.0,7,83.392,262.8076923076923
796,2,15,0,5.0,224.9672131147541,89809.46638888895,0.0,0.0,4,83.489,257.38461538461536
797,3,15,0,3.0,273.5833333333333,90225.92472222228,0.0,0.0,0,82.109,225.57627118644066
798,3,15,0,3.0,271.9387755102041,90231.15250000005,0.0,0.0,7,83.392,224.68333333333334
799,3,15,0,5.0,268.72,90234.81416666672,0.0,0.0,4,83.489,224.9672131147541
800,4,15,0,3.0,210.95238095238096,90652.76833333338,0.0,0.0,0,82.109,273.5833333333333
801,4,15,0,3.0,203.7076923076923,90655.23166666672,0.0,0.0,7,83.392,271.9387755102041
802,4,15,0,5.0,204.83076923076922,90659.63750000006,0.0,0.0,4,83.489,268.72
803,5,15,0,3.0,242.5090909090909,91079.9569444445,0.0,0.0,0,82.109,210.95238095238096
804,5,15,0,3.0,244.75925925925927,91081.02722222227,0.0,0.0,7,83.392,203.7076923076923
805,5,15,0,5.0,242.87037037037038,91074.80333333339,0.0,0.0,4,83.489,204.83076923076922
806,6,15,0,3.0,313.3095238095238,91501.09166666672,0.0,0.0,0,82.109,242.5090909090909
807,6,15,0,3.0,312.4651162790698,91507.38805555561,0.0,0.0,7,83.392,244.75925925925927
808,6,15,0,5.0,308.09302325581393,91503.71861111117,0.0,0.0,4,83.489,242.87037037037038
809,7,15,0,3.0,168.8875,91933.20555555561,0.0,0.0,0,82.109,313.3095238095238
810,7,15,0,3.0,165.77777777777777,91931.34750000005,0.0,0.0,7,83.392,312.4651162790698
811,7,15,0,5.0,165.25925925925927,91932.60250000005,0.0,0.0,4,83.489,308.09302325581393
812,8,15,0,3.0,255.69230769230768,92353.63305555562,0.0,0.0,0,82.109,168.8875
813,8,15,0,3.0,257.0769230769231,92357.86083333338,0.0,0.0,7,83.392,165.77777777777777
814,8,15,0,5.0,255.31372549019608,92343.21583333338,0.0,0.0,4,83.489,165.25925925925927
815,9,15,0,3.0,307.8837209302326,92778.1858333334,0.0,0.0,0,82.109,255.69230769230768
816,9,15,0,3.0,300.6818181818182,92781.96416666672,0.0,0.0,7,83.392,257.0769230769231
817,9,15,0,5.0,297.10869565217394,92777.96916666672,0.0,0.0,4,83.489,255.31372549019608
818,10,15,0,3.0,221.2,93202.60250000005,0.0,0.0,0,82.109,307.8837209302326
819,10,15,0,3.0,220.5737704918033,93205.37472222227,0.0,0.0,7,83.392,300.6818181818182
820,10,15,0,5.0,220.95,93201.79277777782,0.0,0.0,4,83.489,297.10869565217394
821,11,15,0,3.0,188.375,93628.1369444445,0.0,0.0,0,82.109,221.2
822,11,15,0,3.0,182.35616438356163,93631.39583333339,0.0,0.0,7,83.392,220.5737704918033
823,11,15,0,5.0,182.44594594594594,93631.00166666672,0.0,0.0,4,83.489,220.95
824,12,15,0,3.0,209.85714285714286,94049.29222222228,0.0,0.0,0,82.109,188.375
825,12,15,0,3.0,207.015625,94055.52138888894,0.0,0.0,7,83.392,182.35616438356163
826,12,15,0,5.0,206.84126984126985,94046.24472222228,0.0,0.0,4,83.489,182.44594594594594
827,13,15,0,1.0,79.72727272727273,94355.88583333339,1.0,0.0,1,97.752,192.48275862068965
828,13,15,0,3.0,195.62962962962962,94383.93638888895,0.0,0.0,0,82.109,209.85714285714286
829,13,15,0,3.0,188.16071428571428,94393.8030555556,0.0,0.0,7,83.392,207.015625
830,13,15,0,5.0,192.08928571428572,94387.75138888894,0.0,0.0,4,83.489,206.84126984126985
831,1,16,0,3.0,259.2307692307692,95747.04388888895,0.0,0.0,3,83.284,194.94827586206895
832,1,16,0,3.0,259.2692307692308,95748.75305555561,0.0,0.0,5,83.192,80.0
833,2,16,0,3.0,221.72131147540983,96180.04000000005,0.0,0.0,3,83.284,259.2307692307692
834,2,16,0,3.0,224.135593220339,96170.34722222228,0.0,0.0,5,83.192,259.2692307692308
835,3,16,0,3.0,269.3673469387755,96600.95861111117,0.0,0.0,3,83.284,221.72131147540983
836,3,16,0,3.0,271.82,96600.57083333339,0.0,0.0,5,83.192,224.135593220339
837,4,16,0,3.0,212.34920634920636,97026.83777777784,0.0,0.0,3,83.284,269.3673469387755
838,4,16,0,3.0,211.63492063492063,97026.74416666673,0.0,0.0,5,83.192,271.82
839,5,16,0,3.0,237.89473684210526,97452.1583333334,0.0,0.0,3,83.284,212.34920634920636
840,5,16,0,3.0,238.78571428571428,97448.12277777784,0.0,0.0,5,83.192,211.63492063492063
841,6,16,0,3.0,311.0,97867.80166666672,0.0,0.0,3,83.284,237.89473684210526
842,6,16,0,3.0,311.0,97863.54000000005,0.0,0.0,5,83.192,238.78571428571428
843,7,16,0,3.0,170.84615384615384,98298.4844444445,0.0,0.0,3,83.284,311.0
844,7,16,0,3.0,169.1,98297.34277777784,0.0,0.0,5,83.192,311.0
845,8,16,0,3.0,250.55555555555554,98725.49000000006,0.0,0.0,3,83.284,170.84615384615384
846,8,16,0,3.0,248.07407407407408,98720.68222222228,0.0,0.0,5,83.192,169.1
847,9,16,0,3.0,303.79545454545456,99151.11777777784,0.0,0.0,3,83.284,250.55555555555554
848,9,16,0,3.0,306.27906976744185,99149.01944444451,0.0,0.0,5,83.192,248.07407407407408
849,10,16,0,3.0,218.11666666666667,99573.50138888895,0.0,0.0,3,83.284,303.79545454545456
850,10,16,0,3.0,218.65573770491804,99575.38250000007,0.0,0.0,5,83.192,306.27906976744185
851,11,16,0,3.0,190.02857142857144,99996.49805555561,0.0,0.0,3,83.284,218.11666666666667
852,11,16,0,3.0,190.15714285714284,99999.90500000006,0.0,0.0,5,83.192,218.65573770491804
853,12,16,0,3.0,200.6417910447761,100424.03666666673,0.0,0.0,3,83.284,190.02857142857144
854,12,16,0,3.0,204.16923076923078,100420.2633333334,0.0,0.0,5,83.192,190.15714285714284
855,13,16,1,1.0,80.0,100719.75750000005,1.0,0.0,8,107.016,132.25
856,13,16,0,1.0,79.91666666666667,100723.3169444445,1.0,0.0,0,104.787,195.62962962962962
857,13,16,0,1.0,80.0,100728.71666666672,1.0,0.0,7,108.887,188.16071428571428
858,13,16,0,3.0,195.08771929824562,100775.44833333339,0.0,0.0,3,83.284,200.6417910447761
859,13,16,0,3.0,193.81034482758622,100773.53722222228,0.0,0.0,5,83.192,204.16923076923078
860,13,16,0,3.0,78.7,100727.7008333334,1.0,0.0,4,99.65,192.08928571428572
861,1,17,0,3.0,260.61538461538464,102116.80500000007,0.0,0.0,1,82.48,79.72727272727273
862,2,17,0,3.0,226.5593220338983,102541.83388888896,0.0,0.0,1,82.48,260.61538461538464
863,3,17,0,3.0,272.8979591836735,102968.21777777784,0.0,0.0,1,82.48,226.5593220338983
864,4,17,0,3.0,209.578125,103397.79722222229,0.0,0.0,1,82.48,272.8979591836735
865,5,17,0,3.0,244.14545454545456,103823.39166666674,0.0,0.0,1,82.48,209.578125
866,6,17,0,3.0,310.8809523809524,104237.70111111118,0.0,0.0,1,82.48,244.14545454545456
867,7,17,0,3.0,170.45569620253164,104671.51055555562,0.0,0.0,1,82.48,310.8809523809524
868,8,17,0,3.0,255.21153846153845,105097.18777777784,0.0,0.0,1,82.48,170.45569620253164
869,9,17,0,3.0,305.86046511627904,105509.96666666673,0.0,0.0,1,82.48,255.21153846153845
870,10,17,0,3.0,223.91803278688525,105946.5619444445,0.0,0.0,1,82.48,305.86046511627904
871,11,17,0,3.0,188.1,106369.93638888895,0.0,0.0,1,82.48,223.91803278688525
872,12,17,0,3.0,206.65625,106788.57388888895,0.0,0.0,1,82.48,188.1
873,13,17,0,1.0,79.81818181818181,107101.3794444445,1.0,0.0,2,111.724,189.82456140350877
874,13,17,0,1.0,79.9090909090909,107102.11166666674,1.0,0.0,3,109.923,195.08771929824562
875,13,17,0,1.0,79.83333333333333,107107.03750000006,1.0,0.0,5,99.477,193.81034482758622
876,13,17,0,3.0,195.44642857142858,107141.28805555562,0.0,0.0,1,82.48,206.65625
877,1,18,0,3.0,262.61538461538464,108487.5533333334,0.0,0.0,0,83.541,79.91666666666667
878,1,18,0,3.0,260.0769230769231,108489.7272222223,0.0,0.0,6,83.216,194.64285714285714
879,1,18,0,3.0,259.7692307692308,108491.49027777785,0.0,0.0,8,83.011,80.0
880,1,18,0,4.0,223.34375,108490.28138888895,0.0,0.0,1,112.963,195.44642857142858
881,1,18,0,5.0,258.5769230769231,108483.4558333334,0.0,0.0,4,83.409,78.7
882,2,18,0,3.0,224.94915254237287,108912.91527777785,0.0,0.0,0,83.541,262.61538461538464
883,2,18,0,3.0,222.53333333333333,108918.63888888896,0.0,0.0,6,83.216,260.0769230769231
884,2,18,0,3.0,224.67796610169492,108910.68277777785,0.0,0.0,8,83.011,259.7692307692308
885,2,18,0,4.0,160.6867469879518,108917.5833333334,0.0,0.0,1,112.963,223.34375
886,2,18,0,5.0,225.33898305084745,108910.11638888896,0.0,0.0,4,83.409,258.5769230769231
887,3,18,0,3.0,273.2708333333333,109328.62388888896,0.0,0.0,0,83.541,224.94915254237287
888,3,18,0,3.0,269.9591836734694,109335.4133333334,0.0,0.0,6,83.216,222.53333333333333
889,3,18,0,3.0,270.48979591836735,109338.76000000007,0.0,0.0,8,83.011,224.67796610169492
890,3,18,0,4.0,185.20833333333334,109338.84666666674,0.0,0.0,1,112.963,160.6867469879518
891,3,18,0,5.0,269.18,109336.03472222229,0.0,0.0,4,83.409,225.33898305084745
892,4,18,0,3.0,214.125,109766.76750000007,0.0,0.0,0,83.541,273.2708333333333
893,4,18,0,3.0,210.25396825396825,109763.21916666673,0.0,0.0,6,83.216,269.9591836734694
894,4,18,0,3.0,209.234375,109766.76416666673,0.0,0.0,8,83.011,270.48979591836735
895,4,18,0,4.0,158.0,109767.82388888896,0.0,0.0,1,112.963,185.20833333333334
896,4,18,0,5.0,208.07692307692307,109768.36750000007,0.0,0.0,4,83.409,269.18
897,5,18,0,3.0,241.12727272727273,110190.45388888895,0.0,0.0,0,83.541,214.125
898,5,18,0,3.0,238.07272727272726,110180.64361111118,0.0,0.0,6,83.216,210.25396825396825
899,5,18,0,3.0,240.4909090909091,110183.34138888896,0.0,0.0,8,83.011,209.234375
900,5,18,0,4.0,181.31944444444446,110181.39222222229,0.0,0.0,1,112.963,158.0
901,5,18,0,5.0,239.05454545454546,110189.9883333334,0.0,0.0,4,83.409,208.07692307692307
902,6,18,0,3.0,315.6904761904762,110611.3047222223,0.0,0.0,0,83.541,241.12727272727273
903,6,18,0,3.0,311.1363636363636,110616.02166666674,0.0,0.0,6,83.216,238.07272727272726
904,6,18,0,3.0,309.9318181818182,110616.90194444451,0.0,0.0,8,83.011,240.4909090909091
905,6,18,0,4.0,240.875,110608.58222222229,0.0,0.0,1,112.963,181.31944444444446
906,6,18,0,5.0,311.3255813953488,110611.01611111118,0.0,0.0,4,83.409,239.05454545454546
907,7,18,0,3.0,169.83333333333334,111033.11361111118,0.0,0.0,0,83.541,315.6904761904762
908,7,18,0,3.0,169.07692307692307,111038.39000000007,0.0,0.0,6,83.216,311.1363636363636
909,7,18,0,3.0,165.16455696202533,111035.87861111118,0.0,0.0,8,83.011,309.9318181818182
910,7,18,0,4.0,129.80582524271844,111036.68583333341,0.0,0.0,1,112.963,240.875
911,7,18,0,5.0,169.0506329113924,111042.00777777785,0.0,0.0,4,83.409,311.3255813953488
912,8,18,0,3.0,252.77358490566039,111463.4508333334,0.0,0.0,0,83.541,169.83333333333334
913,8,18,0,3.0,251.80769230769232,111451.88027777785,0.0,0.0,6,83.216,169.07692307692307
914,8,18,0,3.0,253.77358490566039,111463.09277777784,0.0,0.0,8,83.011,165.16455696202533
915,8,18,0,4.0,200.28358208955223,111462.65416666673,0.0,0.0,1,112.963,129.80582524271844
916,8,18,0,5.0,253.80769230769232,111461.25250000008,0.0,0.0,4,83.409,169.0506329113924
917,9,18,0,3.0,309.2325581395349,111883.66055555563,0.0,0.0,0,83.541,252.77358490566039
918,9,18,0,3.0,305.09090909090907,111879.7833333334,0.0,0.0,6,83.216,251.80769230769232
919,9,18,0,3.0,306.04545454545456,111891.38777777784,0.0,0.0,8,83.011,253.77358490566039
920,9,18,0,4.0,219.85245901639345,111890.4833333334,0.0,0.0,1,112.963,200.28358208955223
921,9,18,0,5.0,304.75,111888.24250000007,0.0,0.0,4,83.409,253.80769230769232
922,10,18,0,3.0,221.672131147541,112311.32055555562,0.0,0.0,0,83.541,309.2325581395349
923,10,18,0,3.0,218.60655737704917,112305.75000000007,0.0,0.0,6,83.216,305.09090909090907
924,10,18,0,3.0,223.23728813559322,112313.23722222229,0.0,0.0,8,83.011,306.04545454545456
925,10,18,0,4.0,169.02564102564102,112312.58194444452,0.0,0.0,1,112.963,219.85245901639345
926,10,18,0,5.0,219.04918032786884,112315.57583333341,0.0,0.0,4,83.409,304.75
927,11,18,0,3.0,188.88732394366198,112738.16888888895,0.0,0.0,0,83.541,221.672131147541
928,11,18,0,3.0,186.3972602739726,112739.07722222229,0.0,0.0,6,83.216,218.60655737704917
929,11,18,0,3.0,188.7887323943662,112738.53416666674,0.0,0.0,8,83.011,223.23728813559322
930,11,18,0,4.0,144.94565217391303,112737.5658333334,0.0,0.0,1,112.963,169.02564102564102
931,11,18,0,5.0,185.31944444444446,112740.4483333334,0.0,0.0,4,83.409,219.04918032786884
932,12,18,0,3.0,201.38805970149255,113165.20111111118,0.0,0.0,0,83.541,188.88732394366198
933,12,18,0,3.0,203.24615384615385,113158.87611111118,0.0,0.0,6,83.216,186.3972602739726
934,12,18,0,3.0,205.0,113163.24861111118,0.0,0.0,8,83.011,188.7887323943662
935,12,18,0,4.0,152.96511627906978,113158.92250000007,0.0,0.0,1,112.963,144.94565217391303
936,12,18,0,5.0,203.09230769230768,113158.14916666674,0.0,0.0,4,83.409,185.31944444444446
937,13,18,0,3.0,167.03125,113503.34555555563,0.0,0.0,0,83.541,201.38805970149255
938,13,18,0,3.0,194.55357142857142,113508.00416666674,0.0,0.0,6,83.216,203.24615384615385
939,13,18,0,3.0,190.2982456140351,113506.79722222229,0.0,0.0,8,83.011,205.0
940,13,18,0,4.0,101.25,113483.61055555563,0.0,0.0,1,112.963,152.96511627906978
941,13,18,0,5.0,191.82758620689654,113511.43305555564,0.0,0.0,4,83.409,203.09230769230768
942,1,19,0,3.0,260.03846153846155,114856.60277777785,0.0,0.0,2,100.178,79.81818181818181
943,1,19,0,3.0,255.65384615384616,114849.30305555563,0.0,0.0,3,83.37,79.9090909090909
944,1,19,0,3.0,259.3703703703704,114863.23083333341,0.0,0.0,5,83.036,79.83333333333333
945,1,19,0,4.0,182.3783783783784,114862.36777777785,0.0,0.0,0,108.191,167.03125
946,2,19,0,3.0,221.98360655737704,115288.47527777785,0.0,0.0,2,100.178,260.03846153846155
947,2,19,0,3.0,223.04918032786884,115284.92916666674,0.0,0.0,3,83.37,255.65384615384616
948,2,19,0,3.0,223.46666666666667,115287.85277777785,0.0,0.0,5,83.036,259.3703703703704
949,2,19,0,4.0,170.56410256410257,115285.60527777785,0.0,0.0,0,108.191,182.3783783783784
950,3,19,0,3.0,270.5416666666667,115700.33527777785,0.0,0.0,2,100.178,221.98360655737704
951,3,19,0,3.0,269.78,115711.95861111119,0.0,0.0,3,83.37,223.04918032786884
952,3,19,0,3.0,272.0416666666667,115704.6158333334,0.0,0.0,5,83.036,223.46666666666667
953,3,19,0,4.0,218.29508196721312,115712.79888888897,0.0,0.0,0,108.191,170.56410256410257
954,4,19,0,3.0,209.27692307692308,116136.72388888896,0.0,0.0,2,100.178,270.5416666666667
955,4,19,0,3.0,209.5873015873016,116134.37722222229,0.0,0.0,3,83.37,269.78
956,4,19,0,3.0,210.1875,116135.4447222223,0.0,0.0,5,83.036,272.0416666666667
957,4,19,0,4.0,157.35294117647058,116135.43194444451,0.0,0.0,0,108.191,218.29508196721312
958,5,19,0,3.0,242.27777777777777,116552.42888888896,0.0,0.0,2,100.178,209.27692307692308
959,5,19,0,3.0,238.47272727272727,116555.22277777785,0.0,0.0,3,83.37,209.5873015873016
960,5,19,0,3.0,239.05357142857142,116557.28611111119,0.0,0.0,5,83.036,210.1875
961,5,19,0,4.0,196.28358208955223,116554.05861111119,0.0,0.0,0,108.191,157.35294117647058
962,6,19,0,3.0,310.27906976744185,116979.21805555563,0.0,0.0,2,100.178,242.27777777777777
963,6,19,0,3.0,311.0952380952381,116971.62750000008,0.0,0.0,3,83.37,238.47272727272727
964,6,19,0,3.0,310.76190476190476,116974.82138888896,0.0,0.0,5,83.036,239.05357142857142
965,6,19,0,4.0,272.0408163265306,116984.70750000008,0.0,0.0,0,108.191,196.28358208955223
966,7,19,0,3.0,154.75581395348837,117405.75416666674,0.0,0.0,2,100.178,310.27906976744185
967,7,19,0,3.0,171.35443037974684,117407.11277777785,0.0,0.0,3,83.37,311.0952380952381
968,7,19,0,3.0,169.0875,117408.00055555563,0.0,0.0,5,83.036,310.76190476190476
969,7,19,0,4.0,128.21153846153845,117406.05527777785,0.0,0.0,0,108.191,272.0408163265306
970,8,19,0,3.0,176.23684210526315,117836.12361111118,0.0,0.0,2,100.178,154.75581395348837
971,8,19,0,3.0,252.20754716981133,117829.91111111119,0.0,0.0,3,83.37,171.35443037974684
972,8,19,0,3.0,254.07692307692307,117824.84444444452,0.0,0.0,5,83.036,169.0875
973,8,19,0,4.0,190.82857142857142,117835.2747222223,0.0,0.0,0,108.191,128.21153846153845
974,9,19,0,3.0,216.98387096774192,118259.66500000007,0.0,0.0,2,100.178,176.23684210526315
975,9,19,0,3.0,305.3636363636364,118257.81638888895,0.0,0.0,3,83.37,252.20754716981133
976,9,19,0,3.0,299.75555555555553,118259.4047222223,0.0,0.0,5,83.036,254.07692307692307
977,9,19,0,4.0,223.77966101694915,118258.04416666675,0.0,0.0,0,108.191,190.82857142857142
978,10,19,0,3.0,152.41379310344828,118683.87111111118,0.0,0.0,2,100.178,216.98387096774192
979,10,19,0,3.0,219.86666666666667,118678.3072222223,0.0,0.0,3,83.37,305.3636363636364
980,10,19,0,3.0,220.18333333333334,118676.61444444452,0.0,0.0,5,83.036,299.75555555555553
981,10,19,0,4.0,173.97402597402598,118681.01250000007,0.0,0.0,0,108.191,223.77966101694915
982,11,19,0,3.0,143.33333333333334,119105.55166666674,0.0,0.0,2,100.178,152.41379310344828
983,11,19,0,3.0,187.52777777777777,119108.11361111118,0.0,0.0,3,83.37,219.86666666666667
984,11,19,0,3.0,188.3943661971831,119105.32444444452,0.0,0.0,5,83.036,220.18333333333334
985,11,19,0,4.0,148.4777777777778,119110.32305555564,0.0,0.0,0,108.191,173.97402597402598
986,12,19,0,3.0,120.9,119533.27027777786,0.0,0.0,2,100.178,143.33333333333334
987,12,19,0,3.0,200.76119402985074,119534.08555555562,0.0,0.0,3,83.37,187.52777777777777
988,12,19,0,3.0,207.43076923076924,119532.82166666674,0.0,0.0,5,83.036,188.3943661971831
989,12,19,0,4.0,166.13924050632912,119532.85361111119,0.0,0.0,0,108.191,148.4777777777778
990,13,19,0,1.0,80.0,119852.23888888897,1.0,0.0,6,109.932,194.55357142857142
991,13,19,0,1.0,80.0,119826.58361111119,1.0,0.0,8,104.697,190.2982456140351
992,13,19,0,3.0,164.95238095238096,119864.49416666674,0.0,0.0,2,100.178,120.9
993,13,19,0,3.0,191.57894736842104,119878.46888888897,0.0,0.0,3,83.37,200.76119402985074
994,13,19,0,3.0,189.89285714285714,119869.69277777785,0.0,0.0,5,83.036,207.43076923076924
995,13,19,0,4.0,117.07954545454545,119858.17166666673,0.0,0.0,0,108.191,166.13924050632912
996,13,19,0,6.0,56.46666666666667,119829.53722222231,1.0,0.0,4,110.776,191.82758620689654
997,1,20,0,4.0,261.74074074074076,121231.31444444452,0.0,0.0,2,82.968,164.95238095238096
998,2,20,0,4.0,223.08333333333334,121654.50611111119,0.0,0.0,2,82.968,261.74074074074076
999,3,20,0,4.0,271.7551020408163,122082.58500000008,0.0,0.0,2,82.968,223.08333333333334
1000,4,20,0,4.0,207.234375,122502.9297222223,0.0,0.0,2,82.968,271.7551020408163
1001,5,20,0,4.0,242.2,122926.1897222223,0.0,0.0,2,82.968,207.234375
1002,6,20,0,4.0,315.5,123348.34277777786,0.0,0.0,2,82.968,242.2
1003,7,20,0,4.0,168.68354430379748,123773.38888888896,0.0,0.0,2,82.968,315.5
1004,8,20,0,4.0,250.0,124196.89777777785,0.0,0.0,2,82.968,168.68354430379748
1005,9,20,0,4.0,306.3863636363636,124625.70666666675,0.0,0.0,2,82.968,250.0
1006,10,20,0,4.0,220.08196721311475,125054.83666666674,0.0,0.0,2,82.968,306.3863636363636
1007,11,20,0,4.0,189.4,125476.90194444453,0.0,0.0,2,82.968,220.08196721311475
1008,12,20,0,4.0,203.1076923076923,125903.0236111112,0.0,0.0,2,82.968,189.4
1009,13,20,0,1.0,80.0,126210.32027777786,1.0,0.0,3,101.566,191.57894736842104
1010,13,20,0,4.0,197.47368421052633,126254.51000000008,0.0,0.0,2,82.968,203.1076923076923
1011,13,20,0,4.0,37.91304347826087,126216.31916666674,1.0,0.0,5,112.489,189.89285714285714
1012,1,21,0,3.0,259.7307692307692,127591.8422222223,0.0,0.0,6,82.992,80.0
1013,2,21,0,3.0,223.0,128025.45583333341,0.0,0.0,6,82.992,259.7307692307692
1014,3,21,0,3.0,270.3958333333333,128437.19361111119,0.0,0.0,6,82.992,223.0
1015,4,21,0,3.0,209.35384615384615,128876.20805555565,0.0,0.0,6,82.992,270.3958333333333
1016,5,21,0,3.0,242.6727272727273,129299.06305555564,0.0,0.0,6,82.992,209.35384615384615
1017,6,21,0,3.0,311.6190476190476,129717.74277777786,0.0,0.0,6,82.992,242.6727272727273
1018,7,21,0,3.0,169.48101265822785,130145.6822222223,0.0,0.0,6,82.992,311.6190476190476
1019,8,21,0,3.0,254.39622641509433,130572.57111111119,0.0,0.0,6,82.992,169.48101265822785
1020,9,21,0,3.0,302.4318181818182,130997.67527777786,0.0,0.0,6,82.992,254.39622641509433
1021,10,21,0,3.0,219.06666666666666,131411.48500000007,0.0,0.0,6,82.992,302.4318181818182
1022,11,21,0,3.0,187.1917808219178,131847.7086111112,0.0,0.0,6,82.992,219.06666666666666
1023,12,21,0,3.0,207.63492063492063,132264.09666666674,0.0,0.0,6,82.992,187.1917808219178
1024,13,21,0,1.0,79.36363636363636,132577.75194444452,1.0,0.0,2,106.806,197.47368421052633
1025,13,21,0,3.0,194.26315789473685,132614.7097222223,0.0,0.0,6,82.992,207.63492063492063
1026,1,22,0,3.0,260.53846153846155,133962.26194444453,0.0,0.0,3,83.122,80.0
1027,2,22,0,3.0,223.55,134394.45388888897,0.0,0.0,3,83.122,260.53846153846155
1028,3,22,0,3.0,270.265306122449,134811.71250000008,0.0,0.0,3,83.122,223.55
1029,4,22,0,3.0,208.09230769230768,135245.68388888898,0.0,0.0,3,83.122,270.265306122449
1030,5,22,0,3.0,244.88888888888889,135669.16555555564,0.0,0.0,3,83.122,208.09230769230768
1031,6,22,0,3.0,311.92857142857144,136088.5572222223,0.0,0.0,3,83.122,244.88888888888889
1032,7,22,0,3.0,173.15384615384616,136512.99166666676,0.0,0.0,3,83.122,311.92857142857144
1033,8,22,0,3.0,254.05555555555554,136945.13305555563,0.0,0.0,3,83.122,173.15384615384616
1034,9,22,0,3.0,306.5238095238095,137357.33750000008,0.0,0.0,3,83.122,254.05555555555554
1035,10,22,0,3.0,219.47540983606558,137785.2525000001,0.0,0.0,3,83.122,306.5238095238095
1036,11,22,0,3.0,189.19718309859155,138210.8836111112,0.0,0.0,3,83.122,219.47540983606558
1037,12,22,0,3.0,197.83582089552237,138631.5811111112,0.0,0.0,3,83.122,189.19718309859155
1038,13,22,0,3.0,194.18965517241378,138989.78194444452,0.0,0.0,3,83.122,197.83582089552237
1039,13,22,0,4.0,33.08,138958.44833333342,1.0,0.0,6,116.821,194.26315789473685
1040,1,23,0,3.0,261.7692307692308,140334.2708333334,0.0,0.0,2,82.947,79.36363636363636
1041,2,23,0,3.0,222.66666666666666,140765.85500000007,0.0,0.0,2,82.947,261.7692307692308
1042,3,23,0,3.0,272.44897959183675,141186.64527777786,0.0,0.0,2,82.947,222.66666666666666
1043,4,23,0,3.0,209.73015873015873,141607.9397222223,0.0,0.0,2,82.947,272.44897959183675
1044,5,23,0,3.0,240.4909090909091,142031.68944444452,0.0,0.0,2,82.947,209.73015873015873
1045,6,23,0,3.0,315.5,142455.8722222223,0.0,0.0,2,82.947,240.4909090909091
1046,7,23,0,3.0,169.9,142889.5622222223,0.0,0.0,2,82.947,315.5
1047,8,23,0,3.0,253.94230769230768,143307.07583333342,0.0,0.0,2,82.947,169.9
1048,9,23,0,3.0,305.3181818181818,143736.75944444453,0.0,0.0,2,82.947,253.94230769230768
1049,10,23,0,3.0,219.63333333333333,144155.6833333334,0.0,0.0,2,82.947,305.3181818181818
1050,11,23,0,3.0,187.77777777777777,144585.9100000001,0.0,0.0,2,82.947,219.63333333333333
1051,12,23,0,3.0,204.27692307692308,145010.05277777786,0.0,0.0,2,82.947,187.77777777777777
1052,13,23,0,3.0,192.47368421052633,145355.78555555563,0.0,0.0,2,82.947,204.27692307692308
1053,13,23,0,4.0,37.95,145318.48222222232,1.0,0.0,3,115.662,194.18965517241378
1054,13,24,0,4.0,35.125,151685.6286111112,1.0,0.0,2,114.865,192.47368421052633
